﻿personId,personName,twitterUserId
1,Gabe Newell,979715337892630528
2,Sam Houser,588658717
3,idbepvya,1092534179739377666
4,hecksmoney,1230988107450851329
5,CHChistris,293140450
6,Sansfunnybonesr,4550941577
7,Waddedmoose,720775608
8,Luftspace,1678834922
9,Ryannessence,1041537869867888640
10,combotent,23677622
11,radioday,23790825
12,Com_Raven,108961481
13,Liammch12,4883133520
14,CrispineAgata,923648834269581312
15,griffingold55,813244354059993089
16,Fringon,117573476
17,NotTayyy,2794418748
18,TN_Collision,369762356
19,liltravindacity,1132034177455534081
20,Baka_idk1,1096440578458439687
21,Naimvb,196731509
22,techgoodjames,708148803979886592
23,hup333,138845190
24,CathedralWater,2781524100
25,BradentendoN,1087228878836264965
26,rashernvideo,731003090720067584
27,GingerWellyton,776278190041948160
28,AtomElwood2,1149945059527102465
29,Asp3F,941241578584203264
30,ValveNewsNetwor,2859077596
31,theaahava,761770608191569928
32,Jimmy_the_Newb,990742371515199489
33,CRAB_ROBOT,707725603676549121
34,DendrocacaliaJp,726271524764684288
35,GregFromFG,1097092761344303104
36,BrennenGlover,2247882290
37,Angelakham,34454967
38,maddavid890,3366041229
39,Luna_Best_Pone,908077539578531841
40,ValveArchive,1125198736391430144
41,MitchyD,7434902
42,DiBukowski,1797844909
43,tuckernuckjim,15100976
44,ShadytoF,1568338944
45,Studpardee,1115931668
46,VRGirlWaluigi,1085642951991181314
47,nuttyhill,34591006
48,Dangermouseme,966348894165766144
49,DeansDailyDoses,459810778
50,OregonGamer541,808613589707698176
51,PyroFreeman,1219652335993008128
52,florin15791422,1231290003860447232
53,GOOGLE_FLEX,1137487920770691074
54,Marlamin,62100025
55,uxxrdesign,993764623487651840
56,PezCallado,829721401
57,renlavender,3750034637
58,MrTumulus_,804352926806409216
59,avertnuslol,1174470960268926977
60,Crubenfeld,387469859
61,WiseFishGaming,1065525162861346816
62,TerrariaGod2,1149561087337160704
63,TB47134218,1052152172354387969
64,basil26,17824800
65,totalgaming,14785318
66,NickL_2,983167960503250945
67,EricDavisW,765718694332817408
68,DragonDoomLord,340318431
69,LscaEduardo,887514991
70,Devaizter,2586068766
71,AtonResources,1047905362681114624
72,CarewCentral,1184783139681558528
73,ashwinsudhir,74511714
74,luisjoserod,129360365
75,Zoe_Eniola,1549314654
76,Ashbless,100776637
77,ze_agoro,324179558
78,usalivefeed,2365155024
79,luluhoneyxox,1006342334936739840
80,the_xzamplez,979972483
81,YUNGXXXQUAN,290908083
82,CyberSportEN,1050322681751658499
83,onibmehs,1105216884331479040
84,SlavicNicker,1514591299
85,Melonhead999,72418261
86,ChromeUnit,85225151
87,Mateus49789440,1176615164583579654
88,SinginBrakeman,888468451299381249
89,HOODYXALAN,973550607754817536
90,diapolo101,2358986391
91,zachnoorman,2159060443
92,pataconcomegato,93062399
93,DekuSlate2,977276552340824065
94,luxsuporte,189297387
95,lmao_itsPip,863575244769865728
96,kingsman_254,2376856940
97,Lilz0r5,784758116680208386
98,JaxNDax1,1139288667908972544
99,TenLetters3,1231311389899337729
100,tdDaz,64878397
101,MechButler,3432995193
102,Shurtle_Java,4785313703
103,Fantmexe1,1096540420727848960
104,gateaucocoa,722476963
105,shiny_totodiile,1125077400604348417
106,wilshipley,2911221
107,GordyBing,825187276607021057
108,VastoLord096,1010270263
109,WELSH_GAMER_99,3351672731
110,ChumaPG,1413694459
111,Term8012,983504241582051328
112,baxutsy,1037816383827050496
113,StratoAntonio,980245316707504128
114,_beneviolent,921979230824685568
115,GoCUPhoenix,67522386
116,fred_zeroquatro,23692579
117,HommeFatale3141,1113157395151245312
118,roboThomas,39543561
119,SpadGame,2560247468
120,DeemaArtsy,1153542243657179136
121,timdillon78,19823203
122,psb_dc,2908107542
123,microoci,234851506
124,YeahCallTheCops,1199779480975396866
125,WavingFromShore,1217050527323824129
126,kweenuhsheba,1185965196289949696
127,JosemaComites,2822809056
128,rllyxwhoxamxi,444548943
129,monroyspc,170883245
130,meninoUehara,1059898305222795264
131,Pixel_Cod,764850106524893185
132,Spirit__Z,390347118
133,Levi_the_Doggo,2433954415
134,ruudy_208,708713067660578816
135,junuve1,1029534399090618368
136,SeadogDriftwood,30165386
137,EllianRubina,108764433
138,KittyCaustic,1015112450222579713
139,beflosquotes,1124864315859918849
140,hirhir13,2394525764
141,NotMe87577664,1357328737
142,Kimmie_classic,301789842
143,Sparky91783238,1077977684125368320
144,ToYo2495,470525667
145,TheLizardizzle,1667581609
146,Sovi8_,951954090
147,_thoeni,1060708562
148,DeeristDandy,1128855616926224385
149,BlackMesaDevs,56029476
150,GummySkeleton,16509293
