﻿twitterUserId,name,screenname,location,followersCount,tweetsCount
979715337892630528,Gabe L. Newell Valve,GabeLNewel,"Bellevue, Washington",7,0
9317742,Not Valve,valve,The Internets,793,5066
1197309773290586112,r/HalfLife,rHalfLife,,561,1395
588658717,dan houser ,rock_dan_games,,912,4
29758446,Rockstar Games,RockstarGames,NYC / Edinburgh / Bogota,10342281,16382
546825102,Grand Theft Auto V,RockstarGTAV,└S • San Andreas,382951,7818
1092534179739377666,idbepvya,idbepvya,,124,1178
1230988107450851329,HM,hecksmoney,,12,8
293140450,Chris (E)【=◈︿◈=】🌐,CHChistris,"On Melancholy Hill, Venezuela",385,13289
4550941577,Sansfunnybones,Sansfunnybonesr,,160,37173
720775608,Lil' Meaty,Waddedmoose,,55,9838
1678834922,Luft,Luftspace,United States,354,25524
1041537869867888640,Ryanna,Ryannessence,in a half life world,13,60
23677622,myles.app,combotent,"Portland, OR",941,22521
23790825,The NSU,radioday,New York,421,35047
108961481,Marcel Hatam,Com_Raven,Europe,3190,63074
4883133520,Liam McFPS on PC 🇮🇪🔥,Liammch12,,154,60408
923648834269581312,Crispine Agata,CrispineAgata,,43,315
813244354059993089,The Loss Soldier's,griffingold55,United States,423,207887
117573476,Pedro Alcântara,Fringon,"São Paulo, Brasil",1914,137721
2794418748,Tayy,NotTayyy,My Room,91,82
369762356,Collision,TN_Collision,Tunisia,1079,29641
1132034177455534081,Web.Ster,liltravindacity,,20,3301
1096440578458439687,(not) baka idk 💛,Baka_idk1,In my fren's heart~,457,6486
196731509,Naim V.B.,Naimvb,"Nice, France",60,2047
708148803979886592,James (HLA MARCH 23),techgoodjames,Canada,63,1363
138845190,hup,hup333,,112,87484
2781524100,Blue,CathedralWater,United States,59,38483
1087228878836264965,Bradentendo vol. 2,BradentendoN,"Oregon, USA",40,71
731003090720067584,Rashern,rashernvideo,,97,2533
776278190041948160,Gingi (comms open),GingerWellyton,"Wellington, New Zealand",220,9443
1149945059527102465,AtomElwood2,AtomElwood2,,16,30186
941241578584203264,AspeF,Asp3F,"Kokkola, Finland",28,520
2859077596,Tyler McVicker,ValveNewsNetwor,"Ohio, USA",33721,14355
761770608191569928,The AAHAVA,theaahava,"Virginia, USA",211,2672
990742371515199489,Jimmy the Newb,Jimmy_the_Newb,,6028,328154
707725603676549121,Kim on AV/Component,CRAB_ROBOT,,153,15695
726271524764684288,寅-tora,DendrocacaliaJp,東京都世田谷区,9668,64308
1097092761344303104,Greg Harris,GregFromFG,"Ferntree Gully, Melbourne",12,742
2247882290,BrennenGlover λ,BrennenGlover,"Missouri, USA",132,5510
34454967,Angela Lankford,Angelakham,"Ganzi Zhou, Sichuan, China",147,533
3366041229,MaDD,maddavid890,,35,284
908077539578531841,Wonder Bread,Luna_Best_Pone,The 0.52 Alpha,190,44186
1125198736391430144,Valve Archive,ValveArchive,,3697,2975
7434902,Mitch Dyer,MitchyD,"Montréal, Québec",57082,125306
1797844909,Dilan,DiBukowski,"Queens, NY",102,4966
15100976,The Massachusetts Spy,tuckernuckjim,"Nantucket, Massachusetts",482,22803
1568338944,ShadytoF,ShadytoF,"Verviers, Belgium",66,3612
1115931668,Stud Pardee,Studpardee,,2677,147566
1085642951991181314,🏳️‍⚧️ Natalie 🏳️‍🌈,VRGirlWaluigi,,55,726
34591006,Patrick Veale,nuttyhill,"Warrington, England",328,12342
966348894165766144,Dolores Allen,Dangermouseme,Here 🌍,1147,17534
459810778,Dean,DeansDailyDoses,"Topeka,KS",1089,135441
808613589707698176,Oregon,OregonGamer541,"Oregon, USA",17,3117
1219652335993008128,PyroFreeman,PyroFreeman,Brasil,7,25
1231290003860447232,florin,florin15791422,,0,7
1137487920770691074,GŌŌGLĖ•=•FLĖX,GOOGLE_FLEX,,10,1660
62100025,Martin Benjamins,Marlamin,The Netherlands,2890,35321
993764623487651840,Suzan Oslin,uxxrdesign,"Los Angeles, CA",347,1332
829721401,PezCallado,PezCallado,,78,886
3750034637,Ren,renlavender,"England, United Kingdom",352,11714
804352926806409216,Tumeowlus,MrTumulus_,"San Antonio, TX",140,20526
1174470960268926977,avert,avertnuslol,,5,88
387469859,Charles Rubenfeld,Crubenfeld,"New York, NY",139,590
1065525162861346816,WiseFish,WiseFishGaming,"England, United Kingdom",77,3247
1149561087337160704,Danielle #rileycult,TerrariaGod2,United States,344,3865
1052152172354387969,TB,TB47134218,,121,2914
17824800,basil26,basil26,,534,4330
14785318,Total Gaming,totalgaming,,12382,131283
983167960503250945,Nick,NickL_2,United States,39,1134
765718694332817408,Eric W. Davis,EricDavisW,"Houston, TX",23524,10443
340318431,Dragon Denton⚱ Or how I learnt that OCD and anxie-,DragonDoomLord,Silver in latin-ina,256,91650
887514991,"Eduardo ""Dead Pixel"" Sanchez Barrios",LscaEduardo,"R'lyeh, México",664,42520
2586068766,Devaizter,Devaizter,Israel,162,37344
1047905362681114624,Aton Resources,AtonResources,Egypt,619,7881
1184783139681558528,Washington Carew Central,CarewCentral,,4,271
74511714,Compulsive Dabbler,ashwinsudhir,Hamburg/Thiruvananthapuram,276,10000
129360365,⌁,luisjoserod,"Maracaibo, Venezuela",762,1716
1549314654,Zainab Folarin,Zoe_Eniola,"Lagos, Nigeria",858,11964
100776637,애쉬블레스,Ashbless,,420,23208
324179558,O'Tega,ze_agoro,Lagos,494,4327
2365155024,USA Live Feed,usalivefeed,United States,278,128930
1006342334936739840,🖤𝓵𝓾𝓵𝓾,luluhoneyxox,"Big MT, Mojave",220,3349
979972483,Max,the_xzamplez,"Chicago, Illinois",193,1071
290908083,FUTURISTIC QUAN,YUNGXXXQUAN,Virginia - Florida ,739,20354
1050322681751658499,СyberSportNews — Esports News,CyberSportEN,,68,6344
1105216884331479040,bino,onibmehs,,48,3392
1514591299,Nick,SlavicNicker,Shitting on the floor,59,3144
72418261,George Bernard Shaw,Melonhead999,,2455,277678
85225151,ChromeUnit,ChromeUnit,Peru,83,33210
1176615164583579654,Gnomed,Mateus49789440,,1,62
888468451299381249,Christian Skipper,SinginBrakeman,,7,137
973550607754817536,HOODYALAN DEL GORMO MARCH 1st,HOODYXALAN,"Virginia, USA",231,333
2358986391,Diapolo10,diapolo101,"Tampere, Finland",527,35716
2159060443,"Zach Noorman, Level 19 Human",zachnoorman,"Michigan, USA",77,2752
93062399,César Sánchez,pataconcomegato,"Caracas, Venezuela",920,42023
977276552340824065,DekuSlate,DekuSlate2,"Farlands, Minecraft",21,1592
189297387,⚬⃔⚬ deivid ⚬⃔⚬,luxsuporte,,870,58585
863575244769865728,🍂 Pip,lmao_itsPip,eating a krabby patty,1314,41408
2376856940,Kunilingus 🐐,kingsman_254,Nairobi,542,7146
784758116680208386,Lemon Queen Lilly,Lilz0r5,Test Chamber 17,45,54494
1139288667908972544,Jax_attax,JaxNDax1,,24,1586
1231311389899337729,TenLetters,TenLetters3,,5,43
64878397,Darren Weekes,tdDaz,England,1047,16830
3432995193,Mister Bronze,MechButler,"Somewhere, I think",42,5895
4785313703,ssh turtle,Shurtle_Java,,225,2316
1096540420727848960,ƒαη†ômεxε,Fantmexe1,Site 19,5,313
722476963,La Pastel de Cocoa,gateaucocoa,"Distrito Federal, México",443,9499
1125077400604348417,"🎶 ITSUKI'S IN FEH, ITSUKI'S IN FEH- 🎶",shiny_totodiile,"Fhirdiad, probably lmao",87,38572
2911221,🆆il 🆂hipley,wilshipley,"San Francisco, CA",19543,55833
825187276607021057,Gordy Bing,GordyBing,,2,1517
1010270263,Seiryuu,VastoLord096,Argentina,303,9642
3351672731,WELSH_BOI_99 (Not the best username I know),WELSH_GAMER_99,"Swansea, Wales",560,2144
1413694459,Chuma,ChumaPG,Norkoreazuela,148,9172
983504241582051328,Papa Smokes,Term8012,Hamburger Hill,218,8818
1037816383827050496,baxut,baxutsy,Right here,33,3047
980245316707504128,Antonio (R),StratoAntonio,Maracaibo VICE,47,113
921979230824685568,shrubstitute treecher,_beneviolent,chemtrails,63,2055
67522386,Cumberland Phoenix,GoCUPhoenix,"Lebanon, Tenn.",4582,23066
23692579,Jmartin Porter Bridges,fred_zeroquatro,,157,3318
1113157395151245312,Homme Fatale (Chubby Fatale),HommeFatale3141,The Seedy Streets of PGH,121,5015
39543561,Thom,roboThomas,,101,7581
2560247468,Spad,SpadGame,Washington,194,13088
1153542243657179136,AltUnspeek,DeemaArtsy,,13,148
19823203,Tim Dillon,timdillon78,"Los Angeles, CA",1987,1672
2908107542,Theo - 劉䂀曼,psb_dc,"Washington, DC",43932,99568
234851506,Microoci.com,microoci,"Catalonia, Spain",8140,71458
1199779480975396866,🔞Power bottom Bruno rights🔞 (COMMISSIONS OPEN),YeahCallTheCops,My fucking house,871,1946
1217050527323824129,Dan Hale,WavingFromShore,United Kingdom,78,305
1185965196289949696,rah,kweenuhsheba,🤍 $kweenuhsheba,112,1350
2822809056,J-sema,JosemaComites,"Seville, Spain",94,6437
444548943,Marín,rllyxwhoxamxi,"Castellón, Comunidad Valencian",462,39389
170883245,Nery Monroy,monroyspc,Aldea Las anonas,569,84137
1059898305222795264,Neruda,meninoUehara,Brazil,153,4788
764850106524893185,PixelCod,Pixel_Cod,,611,1338
390347118,Alex 'Spirit' J.,Spirit__Z,28850,953,40297
2433954415,WATCH THE GODDAMN SONIC MOVIE,Levi_the_Doggo,,266,5810
708713067660578816,Rudy,ruudy_208,Pues ojalá en una tumba,229,38853
1029534399090618368,junuve,junuve1,"Planet Zi, Third Moon",138,3104
30165386,I am no prophet; I am no warrior - I am a musician,SeadogDriftwood,"Tkaróⁿto, Land of the Villages",680,147492
108764433,Ellian Rubina,EllianRubina,Merida-Venezuela,640,9827
1015112450222579713,MolitovMichelle,KittyCaustic,,111,3539
1124864315859918849,real EIDOLON quotes,beflosquotes,cool,12,11242
2394525764,hirhir13 / ヒルヒル,hirhir13,"Hatogaya-shi, Saitama",751,53326
1357328737,Phoenix INTENSE RAT POSTING,NotMe87577664,,42,1130
301789842,•Hakeemah,Kimmie_classic,Here.......,2063,31740
1077977684125368320,SPARKY_929,Sparky91783238,"Martinsburg, WV",231,11322
470525667,ToYo,ToYo2495,North East England,167,8137
1667581609,Lizardizzle,TheLizardizzle,"Bay Area, California",921,4220
951954090,☹,Sovi8_,Franja Aérea N° 1,263,12139
1060708562,thöni,_thoeni,,30,3261
1128855616926224385,Follow @WeRateVelmas,DeeristDandy,koth_harvest,151,37589
56029476,Black Mesa,BlackMesaDevs,"Black Mesa, NM",31535,1498
16509293,Honeyrey,GummySkeleton,"Portland, OR",654,81618
