,Name,PriceInitial,AppId,CurrentPrice,LowestRecordedPrice
1,Team Fortress Classic,4.99,20,4.99,0.99
2,Day of Defeat,4.99,30,4.99,0.99
3,Deathmatch Classic,4.99,40,4.99,0.99
4,Half-Life: Opposing Force,4.99,50,4.99,0.99
5,Ricochet,4.99,60,4.99,0.49
9,Half-Life: Blue Shift,4.99,130,4.99,0.99
11,Counter-Strike: Source,19.99,240,9.99,2.49
12,Half-Life: Source,9.99,280,9.99,0.99
14,Half-Life 2: Deathmatch,4.99,320,4.99,0.49
19,Half-Life 2: Episode Two,7.99,420,7.99,0.79
22,Left 4 Dead 2,19.99,550,9.99,1.99
24,Portal 2,19.99,620,9.99,1.99
26,Portal 2,19.99,620,9.99,1.99
29,Red Orchestra: Ostfront 41-45,9.99,1200,9.99,1.49
35,Uplink,9.99,1510,9.99,0.99
36,DEFCON,9.99,1520,9.99,0.99
38,Dangerous Waters,14.99,1600,14.99,1.49
39,Space Empires IV Deluxe,9.99,1610,9.99,1.49
41,Disciples II: Rise of the Elves,6.49,1630,6.99,0.97
45,Arx Fatalis,4.99,1700,4.99,1.24
47,Earth 2160,4.99,1900,4.99,0.59
51,Quake III Arena,14.99,2200,14.99,3.74
53,Wolfenstein 3D,4.99,2270,4.99,1.24
55,Final DOOM,4.99,2290,4.99,1.24
63,HeXen: Deathkings of the Dark Citadel,4.99,2370,4.99,1.24
64,Heretic: Shadow of the Serpent Riders,4.99,2390,4.99,1.24
67,Bloody Good Time,4.99,2450,4.99,1.24
68,Shadowgrounds,6.99,2500,6.99,0.69
75,Alpha Prime,4.99,2590,4.99,0.99
76,Vampire: The Masquerade - Bloodlines,19.99,2600,19.99,4.79
80,Call of Duty: United Offensive,19.99,2640,19.99,9.79
82,Act of War: Direct Action,2.99,2710,2.99,0.74
85,X2: The Threat,4.99,2800,4.99,1.24
86,X3: Reunion,9.99,2810,9.99,2.49
87,X3: Terran Conflict,15.99,2820,15.99,3.99
88,X: Beyond the Frontier,4.99,2840,4.99,1.24
90,X Rebirth,29.99,2870,29.99,7.49
93,Sub Command,9.99,2920,9.99,0.99
98,Xpand Rally Xtreme,4.99,3050,4.99,0.99
99,Men of War: Red Tide,4.99,3130,4.99,0.99
102,Genesis Rising,4.99,3230,4.99,1.24
103,Safecracker: The Ultimate Puzzle Adventure,4.99,3260,4.99,1.24
110,Bejeweled Deluxe,4.99,3350,4.99,1.24
136,Sniper Elite,9.99,3700,7.99,0.99
138,Evil Genius,9.99,3720,9.99,2.49
139,Aliens versus Predator Classic 2000,4.99,3730,4.99,1.24
142,BloodRayne 2,9.99,3820,9.99,0.99
143,Psychonauts,9.99,3830,9.99,0.99
147,Shattered Union,4.99,3960,4.99,1.24
148,CivCity: Rome,9.99,3980,9.99,2.49
154,RACE: Caterham Expansion,4.99,4290,4.99,0.59
157,City Life 2008,9.99,4460,9.99,1.99
158,Silverfall: Earth Awakening,9.99,4470,9.99,2.49
159,S.T.A.L.K.E.R.: Shadow of Chernobyl,19.99,4500,19.99,4.99
168,Condemned: Criminal Origins,14.95,4720,14.95,3.73
172,Heroes of Annihilated Empires,14.99,4800,14.99,2.99
173,Cossacks: Back to War,4.99,4850,4.99,1.24
174,Cossacks: Art of War,4.99,4870,4.99,1.24
175,Cossacks: European Wars,4.99,4880,4.99,1.24
176,Cossacks II: Battle for Europe,4.99,4890,4.99,1.24
188,Shank,9.99,6120,9.99,1.49
189,Shank,9.99,6120,9.99,1.49
194,Ducati World Championship,4.99,6270,4.99,0.49
195,Dreamfall: The Longest Journey,19.99,6300,19.99,5.99
202,Bullet Candy,3.99,6600,3.99,0.99
203,Commandos: Behind Enemy Lines,3.99,6800,4.99,0.39
204,Commandos: Beyond the Call of Duty,3.99,6810,4.99,0.39
205,Commandos 2: Men of Courage,3.99,6830,4.99,0.39
206,Commandos 3: Destination Berlin,3.99,6840,4.99,0.39
207,Hitman 2: Silent Assassin,6.99,6850,8.99,1.04
208,Hitman: Blood Money,8.99,6860,9.99,1.34
211,Hitman: Codename 47,6.99,6900,7.99,1.04
212,Deus Ex: Game of the Year Edition,6.99,6910,6.99,0.97
213,Deus Ex: Invisible War,6.99,6920,6.99,0.97
214,Thief: Deadly Shadows,8.99,6980,8.99,0.98
215,Tomb Raider: Legend,6.99,7000,6.99,0.97
216,Project: Snowblind,5.99,7010,5.99,0.89
222,Loki,9.99,7260,9.99,1.49
224,X-Blades,9.99,7510,9.99,0.99
226,Two Worlds II Castle Defense,9.99,7530,9.99,0.99
228,Railroad Tycoon 3,9.99,7610,9.99,2.49
231,X-COM: Apocalypse,4.99,7660,4.99,1.24
233,X-COM: Interceptor,4.99,7730,4.99,1.24
234,X-COM: UFO Defense,4.99,7760,4.99,1.24
235,X-COM: Enforcer,4.99,7770,4.99,1.24
241,Tomb Raider: Anniversary,8.99,8000,8.99,0.98
243,Conflict: Denied Ops,5.99,8100,5.99,0.89
244,Tomb Raider: Underworld,8.99,8140,8.99,0.98
259,Bone: The Great Cow Race,9.99,8320,9.99,1.99
266,Geometry Wars: Retro Evolved,3.99,8400,3.99,1.95
273,BioShock Infinite,29.99,8870,29.99,7.49
280,Return to Castle Wolfenstein,4.99,9010,4.99,1.24
283,DOOM 3,4.99,9050,4.99,1.24
284,HeXen II,4.99,9060,4.99,1.24
292,Supreme Commander: Forged Alliance,14.99,9420,12.99,2.59
295,Saints Row 2,9.99,9480,9.99,1.99
296,Gish,9.99,9500,9.99,2.49
298,Tycoon City: New York,9.99,9730,9.99,1.39
301,Codename: Panzers - Cold War,14.99,9850,14.99,3.74
306,Blade Kitten,2.99,9940,2.99,0.74
309,The UnderGarden,6.99,9980,6.99,0.97
311,Call of Duty: World at War,19.99,10090,19.99,9.79
323,PT Boats: Knights of the Sea,9.99,10250,6.99,1.39
324,PT Boats: South Gambit,9.99,10260,6.99,1.39
325,Disciples III: Reincarnation,9.99,10270,9.99,2.99
341,Space Trader: Merchant Marine,4.99,11240,4.99,0.49
345,Obulis,4.99,11330,4.99,0.49
348,Nikopol: Secrets of the Immortals,4.99,11370,4.99,0.49
353,Hospital Tycoon,4.99,11590,4.99,1.24
357,Grand Theft Auto III,9.99,12100,9.99,1.99
358,Grand Theft Auto: Vice City,9.99,12110,9.99,1.99
359,Grand Theft Auto: San Andreas,14.99,12120,14.99,2.99
360,Manhunt,9.99,12130,9.99,2.49
362,Max Payne 2: The Fall of Max Payne,9.99,12150,9.99,2.49
366,Bully: Scholarship Edition,14.99,12200,14.99,2.99
368,Grand Theft Auto: Episodes from Liberty City,19.99,12220,19.99,4.99
369,Culpa Innata,9.99,12310,9.99,0.99
370,Sacred Gold,9.99,12320,9.99,1.49
377,Perimeter 2: New Earth,14.99,12420,14.99,1.49
380,Ankh 3: Battle of the Gods,9.99,12450,9.99,1.49
388,Mahjongg Investigations: Under Suspicion,9.99,12540,9.99,1.99
389,Ride! Carnival Tycoon,9.99,12560,9.99,1.99
390,Hot Dish,9.99,12570,9.99,0.99
395,Drakensang,9.99,12640,9.99,2.49
396,Fetch It Again,6.99,12650,6.99,1.95
397,Miss Popularity,6.99,12660,6.99,1.95
398,Mission Runway,9.99,12670,9.99,1.99
399,Hunting Unlimited 2010,9.99,12690,9.99,2.49
402,Rise of the Argonauts,9.99,12770,9.99,1.99
405,Operation Flashpoint: Dragon Rising,9.99,12830,9.99,2.49
412,Unreal Tournament: Game of the Year Edition,9.99,13240,9.99,1.99
413,Unreal Gold,9.99,13250,9.99,1.99
447,AaAaAA!!! - A Reckless Disregard for Gravity,9.99,15520,9.99,0.99
448,1... 2... 3... KICK IT! (Drop That Beat Like an Ugly Baby),9.99,15540,9.99,2.49
449,AaaaaAAaaaAAAaaAAAAaAAAAA!!! for the Awesome,9.99,15560,9.99,1.99
458,Luxor 2,9.99,15920,9.99,3.39
474,Everyday Shooter,9.99,16300,9.99,2.49
475,F.E.A.R. 2: Project Origin,14.99,16450,14.99,3.74
479,Insecticide Part 1,1.99,16710,0.99,0.29
480,Velvet Assassin,4.99,16720,1.99,0.49
485,Children of the Nile: Alexandria,2.49,17120,2.49,2.49
488,Crysis,19.99,17300,19.99,4.39
501,Nuclear Dawn,9.99,17710,9.99,1.49
508,The Baconing,14.99,18070,14.99,2.99
509,Unstoppable Gorg,9.99,18120,9.99,0.99
510,Spectraball,4.99,18300,4.99,0.49
516,Helldorado,9.99,18470,9.99,1.99
518,Defense Grid: The Awakening,9.99,18500,9.99,1.49
523,Puzzle Chronicles,9.99,19020,9.99,1.99
525,Biozone,9.99,19080,9.99,0.99
531,The Sum of All Fears,9.99,19810,9.99,2.49
536,Galactic Bowling,19.99,20200,19.99,9.99
538,S.T.A.L.K.E.R.: Clear Sky,9.99,20510,9.99,2.49
541,Red Faction II,9.99,20550,9.99,0.99
547,The Witcher 2: Assassins of Kings Enhanced Edition,19.99,20920,19.99,2.99
562,Bionic Commando,9.99,21670,9.99,1.99
574,Zeno Clash,9.99,22200,9.99,0.99
576,Fallout 3,9.99,22300,9.99,2.49
577,Rogue Warrior,4.99,22310,4.99,1.24
585,Fallout: New Vegas,9.99,22380,9.99,2.49
587,Fallout: New Vegas,9.99,22380,9.99,2.49
588,Spectromancer,9.99,22500,9.99,2.49
592,Alien Breed 3: Descent,9.99,22670,9.99,0.99
600,Ceville,9.99,23460,5.99,0.99
602,Puzzle Quest: Galactrix,9.99,23500,9.99,0.99
603,Earth Defense Force: Insect Armageddon,9.99,23530,9.99,0.99
605,Puzzle Kingdoms,14.99,23700,14.99,1.49
614,Crusaders: Thy Kingdom Come,9.99,24410,9.99,2.49
615,Aquaria,9.99,24420,9.99,1.99
618,Trainz: Classic Cabon City,19.99,24640,19.99,4.99
623,Burnout Paradise: The Ultimate Box,19.99,24740,19.99,4.39
631,Mass Effect 2,19.99,24980,19.99,4.39
632,Overgrowth,29.99,25000,29.99,17.99
639,Europa Universalis III: Divine Wind,9.99,25808,9.99,1.99
643,Hearts of Iron III,9.99,25890,9.99,1.99
648,The Maw,9.99,26000,9.99,0.99
649,Drug Wars,4.99,26300,4.99,4.99
650,Cogs,9.99,26500,5.99,2.49
651,Braid,14.99,26800,14.99,1.49
652,Crayon Physics Deluxe,19.99,26900,19.99,1.99
654,The Graveyard,4.99,27020,4.99,1.24
656,Summer Athletics,19.99,27200,19.99,4.99
657,Blacklight: Tango Down,0.99,27330,0.99,0.89
660,Space Giraffe,9.99,27800,9.99,4.99
663,Booster Trooper,4.99,27920,1.99,0.49
667,Musaic Box,4.99,29130,4.99,0.99
676,Dark Sector,9.99,29900,9.99,2.49
688,Poker Night at the Inventory,4.99,31280,4.99,0.99
711,Everyday Genius: SquareLogic,4.99,32150,4.99,1.5
718,The Secret of Monkey Island: Special Edition,9.99,32360,9.99,2.49
736,Delta Force: Task Force Dagger,9.99,32650,9.99,2.49
740,Armored Fist 3,9.99,32710,9.99,2.49
741,F-16 Multirole Fighter,9.99,32720,9.99,2.49
742,F-22 Lightning 3,9.99,32730,9.99,2.49
743,MiG-29 Fulcrum,9.99,32740,9.99,2.49
744,Comanche 4,9.99,32750,9.99,2.49
745,Tachyon: The Fringe,9.99,32760,9.99,2.49
748,Restaurant Empire II,19.99,32900,19.99,3.99
750,Alien Shooter: Revisited,4.99,33110,4.99,0.99
751,Alien Shooter 2: Reloaded,4.99,33120,4.99,0.99
753,Zombie Shooter 2,9.99,33180,9.99,1.99
761,From Dust,14.99,33460,14.99,3.74
764,Time of Shadows,9.99,33550,9.99,1.49
765,Patrician III,4.99,33570,4.99,0.74
766,The Great Art Race,7.99,33580,4.99,0.99
767,Broken Sword 2 - the Smoking Mirror: Remastered,5.99,33600,5.99,1.19
768,Broken Sword 3 - the Sleeping Dragon,5.99,33610,5.99,1.19
771,Ziro,4.99,33660,4.99,0.74
781,Elizabeth Find M.D. - Diagnosis Mystery - Season 2,19.99,33790,19.99,4.99
786,Pound of Ground,9.99,33980,9.99,0.99
816,Alien Storm,2.99,34315,0.99,0.74
822,Death to Spies: Moment of Truth,9.99,34410,6.99,1.39
831,Massive Assault: Phantom Renaissance,9.99,34640,9.99,2.49
833,Chronicles of Mystery: The Scorpio Ritual,4.99,34800,4.99,0.49
834,Project Freedom,2.99,34810,2.99,0.5
835,Combat Wings: Battle of Britain,4.99,34820,4.99,0.49
840,Mini Ninjas,9.99,35000,9.99,1.49
843,Lara Croft and the Guardian of Light,9.99,35130,9.99,1.49
851,Big Brain Wolf,9.99,35600,4.99,0.99
856,Foreign Legion: Buckets of Blood,4.99,36000,4.99,0.49
868,Monster Mash,4.99,36210,4.99,4.99
869,Kuros,6.99,36240,6.99,6.99
877,Angle of Attack,9.99,36900,9.99,4.99
878,All Aspect Warfare,9.99,36910,9.99,4.99
880,UFO: Extraterrestrials Gold,9.99,37030,9.99,4.99
891,DinerTown Tycoon,9.99,37300,9.99,2.49
903,Windosill,2.99,37600,2.99,0.98
913,Coconut Queen,9.99,38070,9.99,2.49
919,Farm Frenzy 2,4.99,38130,4.99,1.24
921,Farm Frenzy 3,9.99,38150,9.99,2.49
923,Cradle of Rome,9.99,38170,9.99,2.49
924,Cradle of Persia,9.99,38180,9.99,2.49
925,Romance of Rome,9.99,38190,9.99,2.49
926,Roogoo,1.99,38210,0.99,0.29
928,Portal 2,19.99,620,9.99,1.99
937,Shank,9.99,6120,9.99,1.49
952,Fallout: New Vegas,9.99,22380,9.99,2.49
983,Hotel Giant 2,7.99,38230,7.99,1.59
991,Earthworm Jim 2,19.99,38490,19.99,6.79
992,Faerie Solitaire,9.99,38600,9.99,0.49
1000,FINAL FANTASY VII,11.99,39140,11.99,5.99
1001,FINAL FANTASY VIII,11.99,39150,11.99,5.99
1002,Dungeon Siege III,14.99,39160,14.99,2.99
1003,Dungeon Siege,6.99,39190,6.99,0.97
1008,Gothic II: Gold Edition,9.99,39510,9.99,1.99
1009,The Guild Gold Edition,9.99,39520,9.99,1.24
1015,AquaNox 2: Revelation,4.99,39640,4.99,0.49
1017,The Guild II - Pirates of the European Seas,9.99,39660,9.99,1.24
1021,Nation Red,9.99,39800,1.99,0.67
1022,Coniclysm,4.99,39900,4.99,2.49
1023,Supreme Commander 2,12.99,40100,12.99,2.59
1024,ItzaBitza,9.99,40200,9.99,4.99
1025,ItzaZoo,9.99,40210,9.99,4.99
1033,AI War: Fleet Command,9.99,40400,9.99,0.99
1034,Tidalis,4.99,40420,4.99,0.49
1036,Machinarium,9.99,40700,9.99,2.49
1037,Samorost 2,4.99,40720,4.99,0.99
1038,Super Meat Boy,14.99,40800,14.99,0.74
1039,The Misadventures of P.B. Winterbottom,4.99,40930,4.99,0.49
1048,Serious Sam 3: BFE,39.99,41070,39.99,3.99
1051,Doom Rails,2.99,41400,2.99,0.74
1053,Earthworm Jim 3D,19.99,41600,19.99,6.79
1055,Death and the Fly,9.99,41680,9.99,2.49
1056,S.T.A.L.K.E.R.: Call of Pripyat,19.99,41700,19.99,4.99
1058,Gratuitous Space Battles,14.99,41800,14.99,2.24
1067,Nancy Drew: The Captive Curse,6.99,42220,6.99,2.09
1068,Nancy Drew: Trail of the Twister,6.99,42230,6.99,2.09
1069,DogFighter,2.99,42500,2.99,0.89
1081,Elven Legacy: Magic,1.99,42930,1.99,0.49
1082,Elven Legacy: Siege,1.99,42940,1.99,0.49
1083,Elven Legacy: Ranger,1.99,42950,1.99,0.49
1084,Victoria II,19.99,42960,19.99,2.99
1087,Front Mission Evolved,9.99,43000,9.99,2.49
1091,M.U.D. TV,9.99,43500,9.99,0.99
1097,GRID 2,29.99,44350,29.99,7.49
1098,F1 2011,14.99,44360,14.99,3.74
1099,GTR - FIA GT Racing Game,6.99,44600,6.99,1.39
1101,GT Legends,7.99,44690,7.99,1.59
1106,Ignite,9.99,45410,9.99,2.99
1107,Land It!,9.99,45420,9.99,2.99
1117,Dead Rising 2: Off the Record,19.99,45770,19.99,4.99
1119,A.I.M. Racing,2.99,46200,2.99,0.68
1120,NecroVisioN: Lost Company,6.99,46250,6.99,1.39
1121,Star Wolves 3: Civil War,6.99,46260,4.99,0.99
1123,Star Wolves 2,4.99,46280,3.99,0.79
1125,Theatre of War 2: Africa 1943,8.99,46340,4.99,0.99
1129,Reign: Conflict of Nations,3.99,46380,3.99,0.79
1130,Greed: Black Border,4.99,46400,4.99,0.74
1132,Future Wars,4.99,46440,4.99,0.49
1134,Still Life,7.99,46480,7.99,0.95
1135,Still Life 2,7.99,46490,7.99,0.95
1136,Syberia,12.99,46500,12.99,0.99
1139,Trapped Dead,4.99,46540,4.99,0.49
1142,Grotesque Tactics 2 - Dungeons and Donuts,9.99,46570,9.99,0.99
1146,Dimensity,9.99,46720,9.99,0.99
1147,Hazen: The Dark Whispers,9.99,46730,9.99,0.99
1148,World Basketball Manager 2010,4.99,46740,2.99,0.49
1149,Dark Fall: Lost Souls,12.99,46750,12.99,2.59
1150,Ironclads: Schleswig War 1864,9.99,46760,9.99,0.99
1153,Ironclads: Anglo Russian War 1866,9.99,46830,9.99,0.99
1154,Ironclads: Chincha Islands War 1866,9.99,46840,9.99,0.99
1159,Book of Legends,9.99,47130,9.99,7.49
1171,Dragon Age: Origins - Ultimate Edition,29.99,47810,29.99,5.99
1174,Battlefield: Bad Company 2 Vietnam,14.99,47880,14.99,2.99
1175,Battlefield: Bad Company 2 Vietnam,14.99,47880,14.99,2.99
1177,Shift 2 Unleashed,19.99,47920,19.99,3.99
1179,LIMBO,9.99,48000,9.99,1.49
1181,Voodoo Dice,4.99,48150,4.99,1.24
1189,Ship Simulator Extremes,19.99,48800,19.99,3.99
1191,Greed Corp,9.99,48950,9.99,2.49
1193,Commander: Conquest of the Americas,9.99,49300,9.99,1.99
1198,Borderlands 2,19.99,49520,19.99,4.99
1201,Flight of the Icarus,4.99,49800,4.99,0.49
1202,CreaVures,4.99,49810,4.99,0.49
1207,Spec Ops: The Line,29.99,50300,29.99,5.09
1223,Unwell Mel,9.99,51020,6.99,2.44
1233,MX vs. ATV Reflex,19.99,55140,19.99,1.99
1241,Amnesia: The Dark Descent,19.99,57300,19.99,1.99
1248,Jagged Alliance - Back in Action,19.99,57740,19.99,2.99
1249,Doc Clock: The Toasted Sandwich of Time,4.99,57800,4.99,1.24
1250,Duke Nukem Forever,19.99,57900,19.99,2.99
1255,A Game of Thrones - Genesis,9.99,58550,9.99,2.49
1256,Runaway: A Twist of Fate,9.99,58560,9.99,1.99
1258,Wargame: European Escalation,9.99,58610,9.99,1.49
1260,Glowfish,9.99,60350,9.99,3.39
1266,Fractal: Make Blooms Not War,6.99,61310,6.99,1.04
1272,Critter Crunch,6.99,61730,6.99,1.04
1279,Sniper Elite V2,29.99,63380,19.99,4.49
1288,BIT.TRIP BEAT,9.99,63700,9.99,0.99
1290,Delve Deeper,4.99,63800,4.99,0.49
1293,Men of War: Vietnam,7.99,63940,7.99,1.59
1295,Theatre of War 3: Korea,9.99,63960,6.99,1.39
1299,Dive to the Titanic,9.99,65200,9.99,0.99
1303,Aura: Fate of the Ages,4.99,65500,4.99,1.24
1308,ArcaniA: Fall of Setarrif,14.99,65610,14.99,2.99
1311,Carrier Command: Gaea Mission,32.99,65740,32.99,6.59
1315,The Bureau: XCOM Declassified,19.99,65930,19.99,3.99
1319,Dino D-Day,9.99,70000,9.99,0.49
1325,VVVVVV,4.99,70300,4.99,1.24
1329,Worms Ultimate Mayhem,14.99,70600,14.99,2.24
1332,Worms Blast,7.99,70650,7.99,1.19
1333,Worms Pinball,7.99,70660,7.99,0.79
1335,Evochron Mercenary,19.99,71000,19.99,6.24
1342,Alien Soldier,2.99,71116,0.99,0.74
1345,Light Crusader,2.99,71119,0.99,0.74
1346,Shining Force,2.99,71120,0.99,0.74
1348,Shining in the Darkness,2.99,71161,0.99,0.74
1352,Streets of Rage 2,2.99,71165,0.99,0.74
1356,Crazy Taxi,7.99,71230,7.99,1.19
1357,SEGA Bass Fishing,7.99,71240,7.99,1.19
1358,Sonic Adventure DX,7.99,71250,7.99,1.19
1359,Space Channel 5: Part 2,7.99,71260,7.99,1.19
1365,The Elder Scrolls V: Skyrim,19.99,72850,19.99,4.99
1375,APOX,14.99,80000,14.99,3.74
1376,Fate of the World,9.99,80200,9.99,0.99
1377,Puzzle Bots,4.99,80300,4.99,1.49
1378,Gemini Rue,9.99,80310,9.99,1.99
1379,The Blackwell Legacy,4.99,80330,4.99,0.99
1380,Blackwell Unbound,4.99,80340,4.99,0.99
1381,Blackwell Convergence,4.99,80350,4.99,0.99
1382,Blackwell Deception,9.99,80360,9.99,1.99
1383,Farming Simulator 2011,9.99,90200,9.99,2.49
1386,SkyDrift,9.99,91100,9.99,1.49
1390,E.Y.E: Divine Cybermancy,9.99,91700,9.99,0.99
1393,Post Apocalyptic Mayhem,9.99,91900,9.99,0.99
1394,Hydrophobia: Prophecy,4.99,92000,4.99,0.24
1395,DETOUR,4.99,92100,1.99,0.14
1398,GundeadliGne,3.99,92220,3.99,1.59
1403,SpaceChem,9.99,92800,9.99,0.99
1404,Agricultural Simulator 2011: Extended Edition,3.99,92900,2.99,0.59
1405,Revenge of the Titans,9.99,93200,14.99,0.99
1407,Jamestown,9.99,94200,9.99,3.39
1409,Nidhogg,14.99,94400,9.99,1.49
1414,Puzzle Agent 2,9.99,94590,9.99,1.99
1418,Super Splatters,9.99,95000,9.99,0.99
1419,Capsized,9.99,95300,9.99,0.99
1423,The Tiny Bang Story,4.99,96000,4.99,0.49
1428,Slam Bolt Scrappers,9.99,96900,9.99,1.99
1431,Kohan: Immortal Sovereigns,9.99,97110,9.99,2.49
1433,Kohan II: Kings of War,9.99,97130,9.99,2.49
1439,Naval Warfare,2.99,98500,2.99,0.39
1441,Dungeons of Dredmor,4.99,98800,4.99,1.24
1447,Garshasp: The Monster Slayer,4.99,99400,4.99,0.74
1448,Garshasp: Temple of the Dragon,4.99,99410,4.99,0.74
1454,Silo 2,119.99,100400,99.99,12.79
1462,Gatling Gears,9.99,102810,9.99,2.49
1466,Storm in a Teacup,4.99,104020,4.99,2.49
1468,BEEP,14.99,104200,1.99,0.19
1471,ORION: Prelude,0.0,104900,0.99,0.49
1475,Ms. Splosion Man,9.99,105420,9.99,1.99
1477,Terraria,9.99,105600,9.99,1.99
1480,Bastion,14.99,107100,14.99,2.99
1484,Arma 3,39.99,107410,39.99,13.59
1485,Waves,4.99,107600,4.99,0.99
1489,Ticket to Ride,9.99,108200,9.99,1.99
1493,Death Rally,9.99,108700,9.99,0.99
1494,Alan Wake,29.99,108710,14.99,2.99
1496,Legend of Fae,9.99,109200,9.99,2.49
1498,Fowl Space,4.99,109500,4.99,0.49
1501,inMomentum,9.99,110400,9.99,9.99
1504,Alien Zombie Megadeath,4.99,110610,4.99,2.49
1506,L.A. Noire,19.99,110800,19.99,2.69
1509,Snuggle Truck,4.99,111100,4.99,0.49
1510,Smash Cars,9.99,111300,9.99,4.99
1512,Serious Sam Double D XXL,9.99,111600,9.99,0.99
1520,Costume Quest,9.99,115100,9.99,0.99
1521,Stacking,9.99,115110,9.99,0.99
1522,Iron Brigade,14.99,115120,14.99,1.49
1523,Cossacks II: Napoleonic Wars,4.99,115200,4.99,1.24
1524,American Conquest,4.99,115210,4.99,0.99
1528,Owlboy,0.0,115800,24.99,12.49
1529,Super Toy Cars,9.99,116100,9.99,1.99
1530,Lightfish,4.99,116120,4.99,0.99
1531,Quantum Conundrum,8.99,200010,8.99,0.98
1532,Global Ops: Commando Libya,4.99,200020,4.99,0.74
1535,Puzzler World 2,4.99,200130,4.99,0.49
1537,Worms Revolution,14.99,200170,14.99,2.24
1540,Off-Road Drive,6.99,200230,4.99,0.99
1546,XCOM: Enemy Unknown,29.99,200510,29.99,7.49
1550,Torchlight II,19.99,200710,19.99,3.99
1551,Cave Story+,14.99,200900,14.99,2.49
1552,Before the Echo,4.99,200910,4.99,0.99
1553,Sonic CD,4.99,200940,4.99,1.24
1554,Geneforge 1,19.99,200960,19.99,3.99
1555,Geneforge 2,19.99,200980,19.99,3.99
1556,Geneforge 3,19.99,200990,19.99,3.99
1566,Toki Tori 2+,14.99,201420,14.99,0.74
1567,Serious Sam: The Random Encounter,4.99,201480,4.99,0.49
1570,Really Big Sky,4.99,201570,4.99,0.99
1572,Orcs Must Die! 2,24.99,201790,14.99,1.49
1573,Wolfenstein: The New Order,19.99,201810,19.99,5.99
1586,Hegemony Gold: Wars of Ancient Greece,14.99,202690,14.99,2.99
1588,Dynamite Jack,9.99,202730,9.99,1.24
1590,Real Warfare 2: Northern Crusades,6.99,202860,4.99,0.99
1599,Containment: The Zombie Puzzler,4.99,203560,4.99,1.24
1600,Warlock - Master of the Arcane,24.99,203630,24.99,4.99
1603,Binary Domain,14.99,203750,14.99,3.19
1606,The Dark Eye: Chains of Satinav,159.99,203830,19.99,0.99
1607,SATAZIUS,5.99,203990,5.99,2.03
1608,Fable - The Lost Chapters,9.99,204030,9.99,2.49
1609,Superbrothers: Sword & Sworcery EP,7.99,204060,7.99,1.59
1611,Max Payne 3,19.99,204100,19.99,4.99
1613,Waveform,1.99,204180,1.99,0.19
1617,Serious Sam 2,9.99,204340,9.99,0.99
1620,Pickers,9.99,204440,9.99,3.39
1622,Infested Planet,14.99,204530,14.99,3.74
1624,Rotastic,9.99,204580,9.99,1.49
1630,Crusader Kings Complete,9.99,204940,9.99,1.99
1632,Lumino City,19.99,205020,14.99,3.74
1633,BIT.TRIP CORE,9.99,205060,9.99,0.99
1634,BIT.TRIP VOID,9.99,205070,9.99,0.99
1635,BIT.TRIP FATE,9.99,205080,9.99,0.99
1636,BIT.TRIP FLUX,9.99,205090,9.99,0.99
1642,Foreign Legion: Multi Massacre,6.99,205550,6.99,0.69
1643,Port Royale 3,14.99,205610,14.99,2.99
1645,1000 Amps,4.99,205690,4.99,2.49
1647,Insanely Twisted Shadow Planet,14.99,205730,14.99,2.99
1648,Jagged Alliance: Crossfire,14.99,205810,14.99,2.99
1649,Luxor Evolved,9.99,205830,9.99,3.39
1651,Auditorium,6.99,205870,6.99,1.04
1654,Jet Set Radio,7.99,205950,7.99,1.19
1656,Avernum 4,4.99,206020,4.99,0.49
1657,Avernum 5,4.99,206040,4.99,0.49
1658,Avernum 6,4.99,206060,4.99,0.49
1659,Gunpoint,9.99,206190,9.99,1.99
1665,Saints Row IV,14.99,206420,14.99,3.74
1666,To the Moon,9.99,206440,9.99,1.49
1669,3SwitcheD,9.99,206610,9.99,0.99
1670,iBomber Defense Pacific,4.99,206690,4.99,1.24
1672,Alien Spidy,9.99,207000,9.99,0.99
1679,Fireburst,9.99,207190,9.99,0.99
1682,Cubemen,3.99,207250,3.99,0.59
1683,Ys: The Oath in Felghana,14.99,207320,14.99,3.74
1684,Ys Origin,19.99,207350,19.99,4.99
1688,Wizorb,2.99,207420,2.99,0.98
1692,English Country Tune,4.99,207570,4.99,0.49
1694,A Virus Named TOM,9.99,207650,9.99,2.49
1695,AVSEQ,1.99,207670,1.99,0.99
1696,Botanicula,9.99,207690,9.99,2.49
1697,Bumbledore,4.99,207710,4.99,0.99
1698,Arena Wars 2,3.99,207730,3.99,0.49
1701,Sacred Citadel,9.99,207930,9.99,1.99
1707,Avernum: Escape From the Pit,9.99,208400,9.99,0.99
1711,Omerta - City of Gangsters,19.99,208520,14.99,2.99
1713,Lunar Flight,14.99,208600,14.99,2.49
1714,Midnight Mysteries: Salem Witch Trials,9.99,208620,9.99,2.49
1715,Midnight Mysteries 3: Devil on the Mississippi,9.99,208630,9.99,2.49
1719,Colour Bind,9.99,208710,9.99,2.49
1721,Apotheon,14.99,208750,14.99,3.74
1724,Drunken Robot Pornography,14.99,209060,14.99,2.24
1727,Street Fighter X Tekken,29.99,209120,29.99,5.99
1730,Stealth Bastard Deluxe,9.99,209190,9.99,1.29
1737,Mini Motor Racing EVO,4.99,209520,4.99,0.99
1738,Strike Suit Zero,19.99,209540,19.99,2.99
1739,Roller Coaster Rampage,9.99,209610,9.99,1.99
1740,Magrunner: Dark Pulse,9.99,209630,9.99,2.49
1743,Cortex Command,19.99,209670,19.99,1.99
1744,Fieldrunners,4.99,209690,4.99,1.24
1747,Cannon Fodder 3,14.99,209750,14.99,4.49
1750,Highborn,9.99,209850,1.99,1.99
1752,Triple Town,9.99,209950,9.99,1.99
1757,Sanctum 2,14.99,210770,14.99,2.24
1759,Rune Classic,9.99,210950,9.99,1.99
1760,The Witness,39.99,210970,39.99,9.99
1762,Alien Shooter 2 Conscription,9.99,211010,9.99,1.99
1764,Viking: Battle for Asgard,14.99,211160,14.99,1.49
1766,Beyond Oasis,2.99,211200,0.99,0.74
1772,Streets of Rage 3,2.99,211206,0.99,0.74
1774,Vectorman 2,2.99,211208,0.99,0.74
1775,Wonder Boy in Monster World,2.99,211209,0.99,0.74
1776,They Bleed Pixels,9.99,211260,9.99,1.99
1777,Primal Fears,9.99,211280,9.99,1.49
1779,Offspring Fling!,7.99,211360,7.99,3.99
1784,Wanderlust: Rebirth,7.99,211580,4.99,0.95
1789,Starbound,14.99,211820,14.99,8.99
1790,Conquest of Elysium 3,9.99,211900,9.99,1.99
1796,Sugar Cube: Bittersweet Factory,6.99,212110,6.99,0.69
1806,FTL: Faster Than Light,9.99,212680,9.99,2.49
1808,New Star Soccer 5,14.99,212780,14.99,3.74
1822,Rigonauts,9.99,214100,9.99,1.99
1823,Aerofly FS 1 Flight Simulator,9.99,214130,19.99,4.99
1825,Divine Divinity,5.99,214170,5.99,0.59
1828,I Am Alive,14.99,214250,14.99,3.74
1830,Tower Wars,7.99,214360,7.99,1.59
1832,Alien: Isolation,39.99,214490,39.99,9.99
1834,Eets Munchies,6.99,214550,6.99,1.39
1842,Guacamelee! Gold Edition,14.99,214770,14.99,1.49
1843,The Basement Collection,3.99,214790,3.99,0.49
1847,Air Conflicts: Pacific Carriers,12.99,214910,9.99,1.49
1857,Primal Carnage,7.99,215470,7.99,0.79
1863,Zeno Clash 2,14.99,215690,14.99,1.94
1864,Fieldrunners 2,9.99,215710,9.99,0.99
1866,Dream Pinball 3D,6.99,215790,6.99,0.69
1870,Tiny Troopers,4.99,216110,4.99,0.74
1871,Gemini Wars,14.99,216130,14.99,2.24
1874,Don Bradman Cricket 14,39.99,216260,19.99,9.99
1878,Great Big War Game,6.99,216670,6.99,1.39
1879,Blood Bowl: Chaos Edition,29.99,216890,14.99,3.74
1880,Of Orcs And Men,29.99,216910,14.99,2.24
1885,Rise of the Triad,14.99,217140,14.99,2.99
1886,Worms Armageddon,14.99,217200,14.99,2.24
1889,Anna - Extended Edition,9.99,217690,9.99,0.99
1891,Dogfight 1942,9.99,217790,9.99,0.99
1895,Democracy 2,19.99,218040,19.99,1.99
1904,PAYDAY 2,19.99,218620,9.99,4.99
1906,iBomber Attack,5.99,218660,5.99,1.49
1907,Scribblenauts Unlimited,19.99,218680,19.99,4.99
1914,Hotline Miami,9.99,219150,9.99,1.49
1915,Ultratron,9.99,219190,9.99,0.99
1916,Droid Assault,9.99,219200,9.99,0.99
1919,Chivalry: Medieval Warfare,24.99,219640,24.99,2.49
1920,Proteus,9.99,219680,9.99,3.29
1923,Beyond Divinity,5.99,219760,5.99,0.59
1927,Antichamber,19.99,219890,19.99,1.99
1931,The Journey Down: Chapter One,8.99,220090,8.99,0.69
1938,Cargo Commander,9.99,220460,2.99,0.49
1942,Thomas Was Alone,9.99,220780,9.99,2.49
1944,McPixel,4.99,220860,4.99,0.49
1945,Jack Lumber,4.99,220900,4.99,0.49
1946,ACDSee 15,49.99,220960,49.99,49.99
1949,Resident Evil 6 / Biohazard 6,29.99,221040,29.99,7.49
1953,Little Inferno,9.99,221260,9.99,2.49
1961,The Stanley Parable,14.99,221910,14.99,2.99
1962,Puddle,7.99,222140,7.99,1.99
1966,THE KING OF FIGHTERS 2002 UNLIMITED MATCH,14.99,222440,14.99,2.99
1967,Resident Evil Revelations / Biohazard Revelations,29.99,222480,29.99,6.89
1973,Train Simulator: South London Network Route Add-On,39.99,222638,39.99,11.99
1974,Aarklash: Legacy,19.99,222640,15.99,1.59
1975,Retro/Grade,9.99,222660,9.99,0.49
1976,Reus,9.99,222730,9.99,1.49
1979,THE KING OF FIGHTERS XIII STEAM EDITION,19.99,222940,19.99,4.99
1981,7 Wonders: Ancient Alien Makeover,9.99,223000,9.99,3.39
1984,Cut the Rope,4.99,223280,4.99,1.99
1986,Perpetuum,9.99,223410,4.99,1.24
1990,Blockscape,19.99,223490,9.99,7.49
1991,Miasmata,14.99,223510,14.99,2.24
1999,Xenonauts,24.99,223830,24.99,4.99
2000,3DMark,29.99,223850,29.99,4.49
2002,LocoCycle,9.99,224040,9.99,1.99
2007,Legacy of Kain: Defiance,6.99,224300,6.99,0.97
2012,Octodad: Dadliest Catch,14.99,224480,14.99,2.99
2013,Gnomoria,14.99,224500,14.99,2.71
2017,Clockwork Empires,29.99,224740,29.99,14.99
2023,Legacy of Kain: Soul Reaver 2,6.99,224940,6.99,0.97
2028,Brothers - A Tale of Two Sons,14.99,225080,14.99,1.49
2029,Shadow Warrior Classic Redux,9.99,225160,9.99,0.99
2031,Full Mojo Rampage,12.99,225280,12.99,6.49
2035,Cities in Motion 2,19.99,225420,19.99,4.99
2038,Sacred 2 Gold,14.99,225640,14.99,2.99
2041,Weird Worlds: Return to Infinite Space,4.99,226120,4.99,0.99
2043,Escape Dead Island,14.99,226560,14.99,2.24
2044,F1 2014,29.99,226580,29.99,7.49
2048,Monster Loves You!,9.99,226740,9.99,1.49
2051,Age of Wonders III,29.99,226840,29.99,7.49
2052,Galactic Civilizations III,39.99,226860,39.99,4.49
2055,Primordia,9.99,227000,9.99,1.99
2057,Hegemony Rome: The Rise of Caesar,19.99,227060,14.99,2.99
2058,Papo & Yo,14.99,227080,14.99,2.24
2059,Sniper Elite: Nazi Zombie Army,14.99,227100,14.99,3.74
2060,Kinetic Void,19.99,227160,19.99,4.99
2062,Waking Mars,9.99,227200,9.99,0.99
2065,DisplayFusion,29.99,227260,34.99,5.99
2066,Euro Truck Simulator 2,22.99,227300,19.99,3.74
2076,Serious Sam Classics: Revolution,9.99,227780,9.99,0.99
2077,Retrovirus,9.99,227800,9.99,2.49
2078,Castle Story,19.99,227860,24.99,12.49
2082,Action! - Gameplay Recording and Streaming,49.99,228180,39.99,24.99
2085,Remember Me,29.99,228300,29.99,5.99
2086,A Valley Without Wind 2,14.99,228320,14.99,2.24
2089,Cubemen 2,7.99,228440,7.99,0.79
2094,Skulls of the Shogun,9.99,228960,9.99,1.99
2101,A Fistful of Gun,12.99,229810,12.99,2.59
2103,Joe Danger,14.99,229890,14.99,2.99
2105,Armada 2526 Gold Edition,19.99,229970,19.99,2.99
2107,The Age of Decadence,29.99,230070,14.99,3.74
2108,Incredipede,9.99,230150,9.99,1.99
2109,War for the Overworld,29.99,230190,29.99,6
2116,Lords of Football,14.99,230650,14.99,3.74
2120,The Night of the Rabbit,159.99,230820,19.99,1.99
2122,Cannon Brawl,14.99,230860,14.99,2.99
2123,Starseed Pilgrim,0.0,230980,5.99,2.99
2125,Beatbuddy: Tale of the Guardians,9.99,231040,9.99,1.29
2127,Cities XL Platinum,19.99,231140,9.99,2.49
2128,The Swapper,14.99,231160,14.99,2.24
2130,Kentucky Route Zero,24.99,231200,24.99,7.49
2131,MirrorMoon EP,9.99,231310,14.99,1.29
2132,Deadfall Adventures,0.0,231330,19.99,3.99
2139,Eador. Masters of the Broken World,19.99,232050,19.99,1.99
2143,Mars: War Logs,49.99,232750,14.99,2.99
2145,Broken Age,24.99,232790,14.99,3.74
2149,Bridge Project,19.99,232950,19.99,4.99
2154,Final Exam,9.99,233190,9.99,1.99
2155,Air Conflicts: Vietnam,17.99,233210,14.99,2.24
2156,Kairo,4.99,233230,4.99,0.74
2160,Avadon 2: The Corruption,9.99,233310,9.99,1.99
2161,Sudeki,5.99,233350,5.99,2.99
2164,Prison Architect,29.99,233450,29.99,4.49
2166,Lunnye Devitsy,0.0,233510,4.99,1.24
2169,Distance,19.99,233610,24.99,9.99
2170,Black Ink,44.99,233680,59.99,40
2171,Sword of the Stars: The Pit,12.99,233700,9.99,1.29
2175,Worms Clan Wars,24.99,233840,24.99,3.74
2176,Kenshi,19.99,233860,29.99,11.99
2180,Castlevania: Lords of Shadow - Ultimate Edition,29.99,234080,29.99,5.99
2181,Scrabble,9.99,234100,9.99,1.99
2182,Mad Max,39.99,234140,19.99,4.99
2183,Strike Suit Infinity,39.99,234160,6.99,1.39
2184,Receiver,4.99,234190,4.99,1.99
2185,Zack Zero,9.99,234290,2.99,0.99
2194,Shadowrun Returns,14.99,234650,14.99,1.49
2195,NARUTO SHIPPUDEN: Ultimate Ninja STORM 3 Full Burst,0.0,234670,19.99,7.49
2200,The 39 Steps,14.99,234940,14.99,1.49
2203,Super Sanctum TD,3.99,235250,4.99,0.59
2204,Original War,4.99,235320,4.99,0.99
2209,METAL GEAR RISING: REVENGEANCE,29.99,235460,29.99,5.99
2212,Small World 2,9.99,235620,9.99,1.99
2214,Cubetractor,0.0,235720,4.99,0.99
2216,Audiosurf 2,14.99,235800,14.99,4.94
2217,Element4l,8.99,235820,8.99,2.69
2218,RPG Maker XP,24.99,235900,24.99,3.74
2219,Tetrobot and Co.,0.0,235980,9.99,1.99
2220,Bloxitivity,0.0,236010,11.99,4.79
2221,Dust: An Elysian Tail,14.99,236090,14.99,2.99
2224,Starpoint Gemini 2,34.99,236150,34.99,5.24
2225,Cranky Cat,0.0,236290,2.99,2.99
2226,Interstellar Marines,9.99,236370,9.99,4.74
2232,Takedown: Red Sabre,4.99,236510,4.99,0.99
2234,Blood Bowl 2,44.99,236690,19.99,5.99
2235,Anomaly 2,14.99,236730,14.99,1.49
2237,Europa Universalis IV,39.99,236850,39.99,7.99
2239,PCMark 8,49.99,236890,24.99,2.49
2240,Blackwell Epiphany,9.99,236930,9.99,1.99
2241,Jack Keane 2 - The Fire Within,19.99,236970,19.99,1.99
2242,Mortal Kombat Komplete Edition,19.99,237110,19.99,4.99
2244,Frozen Cortex,24.99,237350,24.99,3.24
2246,Expeditions: Conquistador,19.99,237430,19.99,3.99
2252,Angry Video Game Nerd Adventures,9.99,237740,4.99,2.49
2253,Intake,9.99,237760,9.99,3.99
2254,Dreamfall Chapters,29.99,237850,24.99,6.24
2255,Planet Explorers,24.99,237870,14.99,7.49
2257,Transistor,19.99,237930,19.99,2.99
2258,UFO: Afterlight,6.99,237950,6.99,0.69
2259,Memento Mori 2,24.99,237970,24.99,4.99
2262,The Apogee Throwback Pack,9.99,238050,9.99,1.99
2264,Sniper Elite 3,49.99,238090,29.99,5.99
2265,System Shock 2,9.99,238210,9.99,0.99
2270,Magicka 2,14.99,238370,14.99,3.74
2273,Super Puzzle Platformer Deluxe,7.99,238530,7.99,0.79
2274,Fist Puncher,9.99,238630,9.99,0.99
2277,Skyward Collapse,4.99,238890,4.99,0.99
2278,Bionic Dues,9.99,238910,9.99,1.49
2283,Samurai Gunn,14.99,239090,14.99,7.49
2287,Amnesia: A Machine for Pigs,19.99,239200,19.99,1.99
2289,Castlevania: Lords of Shadow 2,39.99,239250,39.99,7.99
2290,Spelunky,14.99,239350,14.99,1.49
2295,Hate Plus,9.99,239700,9.99,0.99
2298,Game Dev Tycoon,9.99,239820,9.99,2.49
2303,Quadrilateral Cowboy,19.99,240440,19.99,6.79
2310,Contraption Maker,6.99,241240,9.99,1.04
2312,Ittle Dew,9.99,241320,9.99,4.99
2313,CastleStorm,9.99,241410,9.99,2.49
2316,Rogue Legacy,14.99,241600,14.99,2.09
2319,Actual Multiple Monitors,24.99,241680,24.99,12.49
2320,Guncraft,14.99,241720,14.99,2.24
2321,Kill to Collect,19.99,241760,9.99,3.99
2323,Goodbye Deponia,159.99,241910,19.99,1.99
2327,Joe Danger 2: The Movie,14.99,242110,14.99,2.99
2328,Vector Thrust,24.99,242130,24.99,4.49
2329,The Chaos Engine,9.99,242530,9.99,0.99
2332,Styx: Master of Shadows,29.99,242640,29.99,5.99
2333,Nuclear Throne,11.99,242680,11.99,11.99
2334,Injustice: Gods Among Us Ultimate Edition,19.99,242700,19.99,4.99
2336,The Forest,14.99,242760,19.99,10.04
2340,In Verbis Virtus,19.99,242840,19.99,4.99
2341,Verdun,24.99,242860,24.99,6.24
2343,Banished,19.99,242920,19.99,4.99
2344,Anachronox,6.99,242940,6.99,0.97
2345,Blood Omen 2: Legacy of Kain,6.99,242960,6.99,0.97
2346,Daikatana,6.99,242980,6.99,0.97
2349,Startopia,6.99,243040,6.99,0.97
2350,Urban Chaos,6.99,243060,6.99,0.97
2351,Betrayer,4.99,243120,4.99,0.49
2353,Mushroom 11,14.99,243160,14.99,5.99
2354,Memoria,159.99,243200,19.99,1.99
2355,FRACT OSC,14.99,243220,14.99,3.74
2363,Gas Guzzlers Extreme,24.99,243800,24.99,4.49
2365,Mavis Beacon Teaches Typing Family Edition,29.99,243890,29.99,7.49
2366,Bound By Flame,29.99,243930,19.99,3.99
2367,Divinity: Dragon Commander,39.99,243950,39.99,3.99
2369,Take On Mars,21.99,244030,26.99,12.05
2373,Homeworld Remastered Collection,34.99,244160,34.99,6.99
2375,Supreme Ruler 1936,19.99,244410,12.99,2.59
2376,realMyst: Masterpiece Edition,17.99,244430,17.99,4.49
2380,Face Noir,9.99,244690,9.99,1.99
2382,Divekick,4.99,244730,4.99,1.99
2383,StarMade,14.99,244770,14.99,4.99
2384,Foul Play,14.99,244810,14.99,2.24
2387,Electronic Super Joy,7.99,244870,7.99,0.79
2389,Homesick,14.99,244910,14.99,5.09
2392,Deathtrap Dungeon,6.99,245010,6.99,0.97
2393,SpellForce 2 - Demons of the Past,19.99,245050,19.99,2.99
2395,Skullgirls,9.99,245170,9.99,2.24
2398,Etherium,19.99,245370,9.99,1.99
2400,Wizardry 6: Bane of the Cosmic Forge,4.99,245410,4.99,0.74
2401,Wizardry 7: Crusaders of the Dark Savant,4.99,245430,4.99,0.74
2402,Wizardry 8,9.99,245450,9.99,1.49
2405,Tropico 5,24.99,245620,19.99,3.99
2410,MASSIVE CHALICE,19.99,246110,19.99,1.99
2415,The Typing of The Dead: Overkill,19.99,246580,19.99,3.99
2416,Plague Inc: Evolved,14.99,246620,14.99,5.99
2419,Wayward Manor,6.99,246720,6.99,3.49
2421,Legends of Eisenwald,19.99,246760,19.99,2.99
2425,Recruits,9.99,246880,9.99,8.99
2426,Viscera Cleanup Detail,12.99,246900,12.99,6.39
2427,Bombernauts,9.99,246920,9.99,1.99
2428,Lords of the Black Sun,29.99,246940,29.99,4.49
2429,Giana Sisters: Twisted Dreams - Rise of the Owlverlord,4.99,246960,4.99,0.99
2431,Talisman: Digital Edition,14.99,247000,6.99,1.49
2433,Crypt of the NecroDancer,14.99,247080,14.99,2.99
2435,Soundodger+,7.99,247140,7.99,1.59
2436,Volgarr the Viking,9.99,247240,9.99,0.99
2437,Saints Row IV - Reverse Cosplay Pack,4.99,247307,4.99,1.24
2439,Artemis Spaceship Bridge Simulator,6.99,247350,6.99,5.24
2440,Mutant Mudds Deluxe,9.99,247370,9.99,0.99
2441,Hitman: Contracts,6.99,247430,8.99,1.04
2446,Redshirt,9.99,247870,9.99,0.99
2447,Sniper Elite: Nazi Zombie Army 2,14.99,247910,14.99,3.74
2449,Clickteam Fusion 2.5,99.99,248170,99.99,14.99
2450,Knytt Underground,6.99,248190,6.99,1.39
2452,Reach for the Sun,4.99,248290,4.99,1.24
2453,Freedom Planet,14.99,248310,14.99,4.49
2454,Dino Run DX,5.99,248330,5.99,1.19
2455,Omegalodon,9.99,248350,9.99,0.99
2457,Craft The World,18.99,248390,18.99,3.79
2459,Salvation Prophecy,19.99,248450,19.99,1.99
2460,Doorways: Prelude,9.99,248470,9.99,0.99
2461,1953 - KGB Unleashed,5.99,248490,5.99,0.89
2464,Megabyte Punch,14.99,248550,14.99,2.24
2467,Kingdoms Rise,14.99,248630,14.99,7.49
2469,Iesabel,4.99,248710,4.99,0.49
2470,A Walk in the Dark,6.99,248730,6.99,2.37
2471,Dysfunctional Systems: Learning to Manage Chaos,4.99,248800,4.99,1.24
2477,Ancient Space,19.99,249190,19.99,3.99
2478,Risen 3 - Titan Lords,14.99,249230,14.99,3.74
2482,NEStalgia,14.99,249550,9.99,3.49
2483,The Castle Doctrine,15.99,249570,15.99,15.99
2484,Teslagrad,9.99,249590,9.99,0.99
2485,Galactic Arms Race,2.99,249610,2.99,1.01
2490,A-Train 8,19.99,249930,19.99,3.99
2491,Forge Quest,14.99,249950,9.99,3.49
2495,TorqueL,9.99,250070,9.99,2.49
2496,Assault Android Cactus,14.99,250110,14.99,5.99
2497,METAL SLUG 3,7.99,250180,7.99,1.99
2501,The Wolf Among Us,24.99,250320,14.99,6.24
2502,Blockland,9.99,250340,9.99,1.99
2503,MovieWriterPro,29.99,250360,29.99,14.99
2504,Knock-knock,9.99,250380,9.99,1.49
2505,How to Survive,14.99,250400,14.99,0.74
2508,Super Amazing Wagon Adventure,2.99,250500,2.99,1.01
2511,Fight The Dragon,14.99,250560,9.99,1.99
2512,Paranautical Activity: Deluxe Atonement Edition,9.99,250580,9.99,0.99
2515,Croixleur Sigma,7.99,250640,7.99,3.19
2516,Bunny Must Die! Chelsea and the 7 Devils,9.99,250660,9.99,4.99
2520,The Binding of Isaac: Rebirth,14.99,250900,14.99,5.09
2521,Railroad X,39.99,251020,16.99,1.69
2522,Wargame: Red Dragon,39.99,251060,29.99,8.99
2523,INFRA,14.99,251110,29.99,7.49
2524,Chroma Squad,14.99,251130,14.99,3.74
2528,Livelock,19.99,251230,9.99,2.49
2529,Corpse Party,14.99,251270,14.99,9.74
2531,Eleusis,14.99,251310,14.99,2.24
2535,The Inner World,14.99,251430,14.99,2.24
2536,TowerFall Ascension,14.99,251470,14.99,3.74
2539,Anomaly Korea,4.99,251530,4.99,0.49
2540,7 Days to Die,24.99,251570,24.99,8.99
2542,The Impossible Game,4.99,251630,4.99,2.49
2544,Chainsaw Warrior,4.99,251710,4.99,0.49
2545,Legend of Grimrock 2,23.99,251730,23.99,4.79
2546,Shadow Man,4.99,251770,4.99,0.74
2550,Master Reboot,14.99,251850,14.99,2.99
2551,Go! Go! Nippon! ~My First Trip to Japan~,9.99,251870,9.99,1.49
2552,World of Diving,19.99,251890,19.99,1.99
2553,Solar Flux,9.99,251910,9.99,1.99
2554,Long Live The Queen,9.99,251990,9.99,1.99
2556,Valdis Story: Abyssal City,14.99,252030,14.99,3.74
2558,Gimbal,14.99,252070,9.99,2.49
2559,Lovers in a Dangerous Spacetime,14.99,252110,14.99,4.94
2562,Anomaly Warzone Earth Mobile Campaign,4.99,252170,4.99,0.49
2564,YAIBA: NINJA GAIDEN Z,29.99,252230,29.99,5.99
2565,Maia,24.99,252250,24.99,12.49
2568,Syder Arcade,9.99,252310,9.99,0.99
2569,Slender: The Arrival,9.99,252330,9.99,0.99
2571,The Shivah,4.99,252370,4.99,0.99
2572,SteamWorld Dig,9.99,252410,9.99,1.99
2574,StarDrive 2,29.99,252450,29.99,5.39
2578,Qbeh-1: The Atlas Cube,9.99,252550,9.99,0.99
2579,Depths of Fear :: Knossos,5.99,252570,5.99,0.59
2580,Death Road to Canada,14.99,252610,14.99,7.49
2584,The Last Express Gold Edition,6.99,252710,6.99,1.75
2586,MouseCraft,9.99,252750,9.99,0.99
2590,PULSAR: Lost Colony,24.99,252870,24.99,12.49
2591,Dracula: Love Kills,9.99,252890,9.99,2.49
2592,Skyscraper Simulator,3.99,252910,2.99,0.59
2594,McDROID,19.99,252970,9.99,1.24
2595,Race The Sun,9.99,253030,9.99,1.99
2596,The Cat Lady,9.99,253110,9.99,1.19
2599,Kingdom Wars 2: Battles,18.99,253190,9.99,4.99
2601,Stonehearth,24.99,253250,19.99,14.99
2602,FOTONICA,9.99,253290,14.99,1.29
2603,Fester Mudd: Curse of the Gold - Episode 1,9.99,253310,9.99,2.49
2604,Neverending Nightmares,14.99,253330,14.99,2.99
2605,Tiny Barbarian DX,9.99,253350,29.99,4.99
2608,Ravensword: Shadowlands,6.99,253410,6.99,0.69
2609,CastleMiner Z,3.99,253430,3.99,0.99
2612,Gentlemen!,4.99,253570,4.99,0.99
2614,Steam Marines,19.99,253630,19.99,3.74
2615,Sparkle 2 Evo,4.99,253650,4.99,0.49
2616,Aartform Curvy 3D 3.0,99.99,253670,99.99,19.99
2620,Bus-Simulator 2012,9.99,253770,9.99,1.99
2621,rymdkapsel,7.99,253790,7.99,1.99
2623,Earth 2150 Trilogy,6.99,253880,6.99,0.76
2624,Knights and Merchants,6.99,253900,6.99,0.83
2625,Gorky 17,4.99,253920,4.99,0.54
2626,Septerra Core,4.99,253940,4.99,0.64
2628,Enclave,4.99,253980,4.99,0.59
2629,KnightShift,6.99,254060,6.99,0.76
2630,World War III: Black Gold,4.99,254080,4.99,0.64
2631,World War II: Panzer Claws,4.99,254100,4.99,0.64
2633,Duskers,19.99,254320,19.99,9.99
2636,Obscure,6.99,254460,6.99,1.74
2638,Theme Park Studio,29.99,254590,29.99,14.99
2641,resident evil 4 / biohazard 4,19.99,254700,19.99,4.99
2642,Ground Control Anthology,4.99,254820,4.99,1.69
2644,Lords of the Realm III,4.99,254860,4.99,1.69
2645,MoonBase Commander,5.99,254880,5.99,0.89
2649,Abyss Odyssey,14.99,255070,14.99,2.99
2651,GRID Autosport,39.99,255220,39.99,9.99
2652,Pro Cycling Manager 2014,14.99,255260,9.99,2.49
2656,Escape Goat 2,9.99,255340,9.99,2.49
2657,KickBeat Steam Edition,9.99,255370,9.99,1.99
2663,Cities: Skylines,29.99,255710,29.99,7.49
2665,The 7th Guest,5.99,255920,5.99,0.89
2667,Bad Mojo Redux,5.99,255960,5.99,0.59
2668,Jagged Alliance Flashback,19.99,256010,19.99,1.99
2671,Truck Racer,9.99,256070,9.99,1.99
2672,Enemy Front,29.99,256190,19.99,1.99
2673,Child of Light,14.99,256290,14.99,3.74
2682,Project Nimbus,14.99,257030,19.99,10.04
2684,Not The Robots,9.99,257120,9.99,0.99
2685,Rebuild 3: Gangs of Deadsville,14.99,257170,14.99,6.74
2686,Secret Files: Sam Peters,9.99,257220,9.99,2.49
2687,Inherit the Earth: Quest for the Orb,5.99,257260,5.99,1.19
2691,LogoMaker 4,29.99,257610,29.99,7.49
2692,Blast Em!,2.99,257630,0.99,0.44
2694,Elder Sign: Omens,14.99,257670,14.99,5.24
2695,J.U.L.I.A.: Among the Stars,19.99,257690,19.99,3.99
2699,Signal Ops,9.99,257770,9.99,1.49
2700,Riptide GP2,6.99,257790,6.99,1.39
2702,Hyper Light Drifter,19.99,257850,19.99,7.99
2706,Loren The Amazon Princess,19.99,257970,19.99,4.99
2707,Oozi: Earth Adventure,4.99,257990,4.99,0.74
2711,Probability 0,6.99,258070,6.99,3.91
2712,99 Spirits,9.99,258090,9.99,2.49
2713,Deus Ex: The Fall,9.99,258180,9.99,1.99
2714,Talisman: Prologue,6.99,258200,6.99,0.69
2717,The Vanishing of Ethan Carter,19.99,258520,19.99,2.99
2720,Scania Truck Driving Simulator,11.99,258760,9.99,0.99
2722,Type:Rider,4.99,258890,4.99,0.99
2723,Citizens of Earth,14.99,258910,14.99,2.99
2730,Wasteland 1 - The Original Classic,5.99,259130,5.99,1.19
2732,Alone in the Dark: The New Nightmare,6.99,259190,6.99,1.74
2734,Chicken Shoot Gold,6.99,259340,6.99,0.69
2740,Beast Boxing Turbo,4.99,259490,4.99,2.49
2741,Shufflepuck Cantina Deluxe,9.99,259510,9.99,0.99
2742,Savant - Ascent,1.99,259530,1.99,0.49
2746,3079 -- Block Action RPG,4.99,259620,4.99,0.49
2747,Guise Of The Wolf,6.99,259640,2.99,1.04
2754,Nimble Quest,4.99,259780,4.99,0.49
2757,OMG Zombies!,4.99,259870,4.99,0.49
2759,Farming Giant,9.99,259910,1.99,0.49
2773,Blood of the Werewolf,1.99,260250,1.99,0.99
2777,Ninja Cats vs Samurai Dogs,4.99,260380,4.99,1.99
2780,World Basketball Tycoon,9.99,260510,2.99,0.5
2783,Gray Matter,9.99,260570,9.99,1.99
2786,Dark Fall 2: Lights Out,4.99,260710,4.99,0.99
2789,1001 Spikes,14.99,260790,14.99,2.99
2790,Odesi Music Composition,49.99,260990,49.99,37.49
2794,Steam Bandits: Outpost,19.99,261350,19.99,11.24
2795,Episode 1 - A Boy Learns What Fear Is,3.99,261390,3.99,3.99
2796,Distant Worlds: Universe,59.99,261470,59.99,14.99
2802,Borderlands: The Pre-Sequel,39.99,261640,39.99,11.99
2805,Holy Avatar vs. Maidens of the Dead,9.99,261720,9.99,0.99
2806,Humans Must Answer,5.99,261740,4.99,0.74
2807,Lichdom: Battlemage,39.99,261760,9.99,3.99
2809,The Real Texas,14.99,261900,14.99,6.74
2817,Toy Soldiers: Complete,14.99,262120,14.99,4.99
2819,Zombeer,9.99,262190,4.99,4.99
2820,Last Knight: Rogue Rider Edition,7.99,262210,7.99,1.59
2828,Rollers of the Realm,9.99,262470,9.99,1.99
2831,Gunman Clive,1.99,262550,1.99,0.99
2832,Chucks Challenge 3D,3.99,262590,3.99,0.74
2833,Liquid Rhythm,2.99,262610,2.99,0.59
2836,Little Racers STREET,7.99,262690,5.99,0.89
2838,Freedom Fall,9.99,262770,9.99,4.99
2839,Our Darker Purpose,14.99,262790,14.99,2.24
2840,Crimsonland,13.99,262830,13.99,2.79
2841,The Journey Down: Chapter Two,10.99,262850,19.99,3.74
2843,Smooth Operators,2.99,262900,2.99,0.74
2846,Castle In The Darkness,9.99,262960,9.99,1.97
2848,STARWHAL,11.99,263020,11.99,2.99
2849,Bot Colony,0.0,263040,14.99,1.99
2850,Blockstorm,4.99,263060,4.99,0.89
2851,Pixel Boy and the Ever Expanding Dungeon,4.99,263080,0.99,0.49
2856,Signs of Life,9.99,263200,9.99,6.49
2858,BlazBlue: Calamity Trigger,9.99,263300,9.99,1.49
2859,Saturday Morning RPG,6.99,263320,6.99,0.69
2860,Continue?9876543210,9.99,263340,9.99,4.99
2861,3089 -- Futuristic Action RPG,6.99,263360,6.99,1.74
2862,Driftmoon,14.99,263380,14.99,2.69
2864,Probably Archery,4.99,263420,4.99,0.99
2865,Girls Like Robots,6.99,263460,6.99,1.39
2866,Final Rush,4.99,263480,4.99,3.34
2870,Paper Sorcerer,4.99,263560,4.99,0.99
2871,EF-12: Fighting Game Maker,9.99,263600,9.99,6.99
2873,CDF Ghostship,9.99,263640,9.99,0.99
2874,Unearthed: Trail of Ibn Battuta - Episode 1 - Gold Edition,4.99,263680,4.99,0.99
2875,Muffin Knight,6.99,263700,4.99,0.97
2876,FootLOL: Epic Fail League,4.99,263740,9.99,0.74
2878,Spaceforce Constellations,9.99,263800,9.99,2.49
2879,EvilQuest,1.99,263820,1.99,0.99
2880,SPACECOM,9.99,263860,9.99,1.49
2881,Aqua Kitty - Milk Mine Defender,6.99,263880,6.99,1.39
2882,Zombie Grinder,8.99,263920,8.99,2.24
2883,Red Baron Pack,9.99,263940,9.99,4.99
2884,Wyv and Keep: The Temple of the Lost Idol,14.99,263960,14.99,1.49
2885,Out There Somewhere,14.99,263980,0.99,0.19
2886,Son of Nor,19.99,264000,19.99,4.99
2887,Geekbench 3,14.99,264020,14.99,7.49
2888,Full Bore,14.99,264060,14.99,2.99
2889,Vangers,6.99,264080,6.99,1.74
2891,Pixel Piracy,9.99,264140,9.99,1.49
2892,WazHack,9.99,264160,9.99,2.99
2893,One Finger Death Punch,4.99,264200,4.99,0.99
2896,Global Outbreak: Doomsday Edition,8.99,264260,8.99,2.24
2899,Captain Morgane and the Golden Turtle,4.99,264320,4.99,0.74
2900,Major Mayhem,4.99,264340,4.99,4.99
2903,Jacob Jones and the Bigfoot Mystery : Episode 1,4.99,264400,4.99,1.24
2904,Comicado,29.99,264420,9.99,4.99
2905,Children of Liberty,9.99,264440,9.99,4.99
2909,Platformines,9.99,264540,9.99,2.49
2914,Deadly 30,4.99,264730,4.99,0.99
2915,FORCED SHOWDOWN,19.99,265000,19.99,4.99
2916,Meridian: New World,6.99,265120,6.99,1.39
2919,Crazy Machines: Golden Gears,9.99,265240,9.99,2.49
2922,Grimind,9.99,265380,9.99,0.99
2923,Even the Ocean,0.0,265470,14.99,7.49
2926,The Red Solstice,19.99,265590,9.99,1.49
2931,Secret Ponchos,14.99,265750,14.99,7.49
2933,Residue: Final Cut,4.99,265790,1.99,0.49
2937,Hexcells,2.99,265890,2.99,0.89
2939,Ether One,19.99,265950,19.99,3.99
2940,Worlds of Magic,39.99,265970,24.99,3.74
2942,LYNE,2.99,266010,2.99,0.74
2947,Tower of Guns,14.99,266110,14.99,3.14
2950,Windforge,9.99,266170,9.99,3.99
2951,Astral Terra,14.99,266190,9.99,7.99
2955,Gridiron Solitaire,7.99,266270,7.99,7.99
2956,Helicopter Simulator 2014: Search and Rescue,6.99,266290,6.99,0.69
2960,Farm for your Life,9.99,266390,9.99,3.99
2968,Age of Mythology: Extended Edition,29.99,266840,29.99,5.99
2970,The Labyrinth of Time,5.99,266980,5.99,1.19
2971,Gravity Badgers,4.99,267060,4.99,0.49
2972,Line Of Defense Tactics - Tactical Advantage,9.99,267220,9.99,4.99
2978,Airport Simulator 2014,9.99,267600,9.99,0.99
2979,Woodcutter Simulator 2013,9.99,267610,9.99,0.99
2980,Realms of Arkania 1 - Blade of Destiny Classic,3.99,267670,3.99,0.49
2983,Guilty Gear Isuka,0.0,267900,9.99,1.99
2985,Glacier 3: The Meltdown,9.99,267940,2.99,0.89
2986,Hyper Fighters,9.99,267960,2.99,0.89
2987,Hostile Waters: Antaeus Rising,9.99,267980,2.99,0.89
2989,Heat Signature,0.0,268130,14.99,7.49
2990,Antisquad,5.99,268200,5.99,1.49
2992,Mechanic Escape,4.99,268240,4.99,0.99
2995,High Strangeness,4.99,268340,4.99,0.99
2996,Krautscape,7.99,268360,6.99,1.39
2997,Panzer Corps,19.99,268400,19.99,1.99
3000,Orc Attack: Flatulent Rebellion,9.99,268520,9.99,0.99
3003,The Memory of Eldurim,19.99,268670,0.99,0.99
3005,Magicite,9.99,268750,9.99,2.49
3009,Satellite Reign,29.99,268870,29.99,2.99
3011,Malevolence: The Sword of Ahkranox,19.99,268930,19.99,19.99
3013,Science Girls,4.99,269010,4.99,0.99
3014,The Yawhg,9.99,269030,9.99,3.99
3015,Year Walk,5.99,269050,5.99,2.99
3017,Luxuria Superbia,6.99,269150,6.99,1.74
3020,Aces Wild: Manic Brawling Action!,9.99,269230,9.99,0.99
3021,WORLD END ECONOMiCA episode.01,12.99,269250,12.99,3.24
3023,liteCam Game: 100 FPS Game Capture,14.99,269290,14.99,2.99
3024,Infectonator : Survivors,11.99,269310,9.99,1.99
3025,Chronology,4.99,269330,4.99,0.99
3026,Montas,9.99,269350,9.99,6.99
3027,Reaper - Tale of a Pale Swordsman,4.99,269370,4.99,2.49
3028,Burning Cars,5.99,269430,5.99,1.79
3029,MorphVOX Pro - Voice Changer,39.99,269470,39.99,15.99
3030,Bardbarian,7.99,269490,7.99,1.19
3034,Claustrophobia: The Downward Struggle,4.99,269590,4.99,3.34
3036,A Mass of Dead,9.99,269630,4.99,0.99
3038,BADLAND: Game of the Year Edition,9.99,269670,9.99,1.19
3039,RymdResa,11.99,269690,11.99,2.99
3040,Tumblestone,9.99,269710,24.99,4.74
3042,Secrets of Grindea,14.99,269770,14.99,14.99
3046,Infinite Space III: Sea of Stars,9.99,269990,9.99,1.99
3047,Time Rifters,9.99,270010,9.99,3.99
3049,Quest of Dungeons,4.99,270050,4.99,1.49
3050,The Girl and the Robot,9.99,270070,9.99,4.99
3053,The Gallery - Episode 1: Call of the Starseed,29.99,270130,19.99,4.99
3054,RUNNING WITH RIFLES,14.99,270150,14.99,4.49
3058,Prominence,19.99,270230,19.99,8.99
3059,Frozen State,11.99,270270,11.99,4.79
3060,Dominique Pamplemousse,4.99,270310,0.99,0.99
3061,Ku: Shroud of the Morrigan,4.99,270330,4.99,0.49
3063,Cypress Inheritance: The Beginning,5.99,270430,59.99,2.39
3064,Robot Roller-Derby Disco Dodgeball,9.99,270450,9.99,1.99
3065,The Forest of Doom,9.99,270490,4.99,1.49
3066,EPOCH,9.99,270510,1.99,0.99
3071,Realms of Arkania 2 - Star Trail Classic,3.99,270750,3.99,0.49
3072,Realms of Arkania 3 - Shadows over Riva Classic,3.99,270760,3.99,0.49
3074,Etherlords II,4.99,270790,4.99,0.99
3076,Global ATC Simulator,34.99,270830,29.99,14.99
3077,Car Mechanic Simulator 2014,6.99,270850,6.99,0.69
3078,American Truck Simulator,19.99,270880,19.99,4.99
3079,Worms World Party Remastered,14.99,270910,14.99,2.99
3081,Offworld Trading Company,39.99,271240,19.99,7.99
3083,Industry Giant 2,9.99,271360,9.99,1.99
3084,Transport Giant,9.99,271370,9.99,1.99
3085,Sniper Art of Victory,2.99,271500,2.99,0.59
3086,Tribloos 2,9.99,271550,4.99,0.99
3087,Space Farmers,9.99,271570,9.99,0.99
3088,Grand Theft Auto V,59.99,271590,29.99,14.99
3089,Humanity Asset,9.99,271640,1.99,0.99
3092,Dungeon Lords Steam Edition,14.99,271760,14.99,2.99
3093,Card City Nights,3.99,271820,4.99,1.99
3095,Hexcells Plus,2.99,271900,2.99,0.89
3097,Hero and Daughter+,9.99,271970,9.99,3.99
3099,Aveyond 3-1: Lord of Twilight,9.99,272010,9.99,1.99
3102,Sub Rosa,0.0,272230,19.99,17.99
3103,Torment: Tides of Numenera,44.99,272270,44.99,14.84
3104,CardFile3D,9.99,272300,3.99,0.99
3105,Shadow Blade: Reload,14.99,272330,14.99,2.99
3107,NARUTO SHIPPUDEN: Ultimate Ninja STORM Revolution,29.99,272510,29.99,7.49
3109,Vertiginous Golf,9.99,272890,9.99,0.99
3112,Pro Rugby Manager 2015,9.99,273030,9.99,0.99
3113,The Last Federation,19.99,273070,19.99,3.74
3117,Over 9000 Zombies!,9.99,273500,1.99,0.49
3119,Freespace 2,9.99,273620,9.99,3.39
3121,Extreme Roads USA,9.99,273740,9.99,0.99
3122,Formula Truck 2013,14.99,273750,9.99,0.99
3123,Towtruck Simulator 2015,9.99,273760,9.99,0.99
3124,Game Tycoon 1.5,2.99,273770,0.99,0.29
3125,Agricultural Simulator 2012: Deluxe Edition,7.99,273790,7.99,0.79
3126,Forestry 2017 - The Simulation,19.99,273800,19.99,3.99
3128,Aviator - Bush Pilot,9.99,273830,9.99,0.99
3129,Stock Car Extreme,19.99,273840,14.99,3.74
3130,Ski-World Simulator,9.99,273850,9.99,0.99
3131,Snowcat Simulator,7.99,273860,7.99,0.79
3134,Ship Simulator: Maritime Search and Rescue,17.99,274010,17.99,5.39
3136,Hotline Miami 2: Wrong Number,14.99,274170,14.99,3.74
3137,Broforce,14.99,274190,14.99,3.59
3141,Gods Will Be Watching,9.99,274290,9.99,1.99
3143,Dropsy,9.99,274350,9.99,2.49
3144,Assault Squad 2: Men of War Origins,19.99,274440,19.99,3.99
3147,Darkwood,14.99,274520,14.99,7.49
3149,868-HACK,5.65,274700,5.65,2.82
3150,Jet Car Stunts,2.99,274880,2.99,0.5
3151,Murder Miners,0.99,274900,0.99,0.49
3152,FaceRig,14.99,274920,14.99,5.99
3154,Tech Executive Tycoon,0.0,274960,19.99,19.99
3155,Influent,9.99,274980,9.99,1.99
3156,Punch! ViaCAD 2D/3D v9 + 3D Printing PowerPack LT,99.99,275030,99.99,49.99
3159,Shelter 2,14.99,275100,14.99,1.49
3160,Costume Quest 2,14.99,275180,14.99,1.99
3161,Westerado: Double Barreled,14.99,275200,14.99,2.99
3162,Graviteam Tactics: Operation Star,29.99,275290,29.99,4.49
3164,Anmynor Puzzles,9.99,275330,9.99,0.99
3166,Guacamelee! Super Turbo Championship Edition,14.99,275390,14.99,1.49
3168,Canyon Capers,6.99,275490,6.99,0.69
3169,Z Steel Soldiers,12.99,275510,12.99,1.29
3174,7 Wonders of the Ancient World,6.99,275810,6.99,1.74
3175,7 Wonders: Magical Mystery Tour,6.99,275830,6.99,2.37
3177,My Best Friends - Cats & Dogs,3.99,276220,14.99,0.99
3178,My Vet Practice: In the Country,3.99,276240,14.99,0.99
3184,Kingdom Tales,4.99,276440,2.99,0.74
3185,Tales From The Dragon Mountain 2: The Lair,9.99,276460,6.99,1.74
3186,Tango Fiesta,12.99,276730,9.99,4.99
3191,FATE: Undiscovered Realms,7.99,276890,7.99,4.79
3195,Return to Mysterious Island 2,7.99,277270,7.99,1.59
3196,VIDEOBALL,9.99,277390,9.99,9.99
3197,Halo: Spartan Assault,2.99,277430,2.99,1.19
3198,Imperial Glory,4.99,277450,4.99,0.49
3199,Praetorians,4.99,277460,4.99,0.49
3200,The Book of Legends,14.99,277470,14.99,1.49
3201,Battle Group 2,7.99,277490,7.99,0.79
3203,Shiny The Firefly,9.99,277510,9.99,0.99
3204,Albedo: Eyes from Outer Space,14.99,277520,14.99,1.49
3205,Tales From The Dragon Mountain: The Strix,4.99,277540,2.99,0.59
3211,On Rusty Trails,12.99,277700,12.99,2.59
3213,Sportsfriends,14.99,277850,14.99,7.49
3214,Diehard Dungeon,4.99,277870,4.99,0.49
3221,ACID Music Studio 10 - Steam Powered,49.99,278190,49.99,12.49
3223,A Story About My Uncle,12.99,278360,12.99,1.94
3224,Spider: Rite of the Shrouded Moon,12.99,278420,9.99,1.99
3225,0RBITALIS,9.99,278440,9.99,1.99
3226,Skyborn,14.99,278460,14.99,2.99
3227,Aveyond 3-2: Gates of Night,9.99,278490,9.99,1.99
3228,JUDGEMENT SILVERSWORD - Resurrection -,4.99,278510,4.99,2.99
3232,Heroes of Legionwood,6.99,278590,6.99,1.39
3233,TinyKeep,9.99,278620,9.99,0.99
3237,Angvik,2.99,278890,2.99,1.49
3241,9th Dawn II,7.99,279070,1.99,0.99
3243,Ultionus: A Tale of Petty Revenge,6.99,279160,6.99,3.49
3245,Ohmicide,124.99,279280,124.99,62.49
3249,Abalone,4.99,279480,6.99,1.24
3251,Rage Runner,4.99,279520,4.99,0.99
3252,Pretentious Game,4.99,279540,1.99,0.99
3255,The Troma Project,6.99,279640,6.99,0.69
3256,The I of the Dragon,6.99,279720,6.99,0.76
3258,Grim Legends 2: Song of the Dark Swan,9.99,279800,9.99,3.49
3259,Soul Axiom,19.99,279900,19.99,5.99
3260,Infinity Runner,6.99,279920,6.99,1.39
3262,Bridge Constructor Playground,9.99,279990,9.99,1.99
3263,Gunjitsu,3.99,280010,3.99,3.19
3266,Aragami,0.0,280160,19.99,7.99
3269,Creeper World 3: Arc Eternal,14.99,280220,14.99,1.49
3270,Adventurer Manager,4.99,280320,4.99,0.49
3271,Interstellaria,9.99,280360,9.99,1.99
3272,Uprising44: The Silent Shadows,5.99,280380,1.99,1.99
3273,Pulstar,1.99,280460,1.99,0.49
3274,KRUNCH,9.99,280500,9.99,2.49
3276,GhostControl Inc.,14.99,280540,14.99,5.09
3277,Danmaku Unlimited 2,4.99,280560,4.99,0.99
3278,BloodLust Shadowhunter,12.99,280600,12.99,7.79
3279,Dark Shadows - Army of Evil,4.99,280640,4.99,0.99
3281,Imagine Earth,19.99,280720,19.99,15.99
3283,Foosball - Street Edition,4.99,280830,4.99,0.99
3286,Battlepillars Gold Edition,4.99,280930,4.99,0.99
3290,Adventure Chronicles: The Search For Lost Treasure,4.99,281240,4.99,0.49
3291,Desert Gunner,4.99,281260,2.99,0.49
3292,Mashed,4.99,281280,4.99,0.49
3293,US and THEM,9.99,281350,2.99,0.5
3296,Ubersoldier II,9.99,281410,9.99,0.99
3298,Disciples Sacred Lands Gold,7.99,281450,7.99,0.79
3300,Wings Over Europe,9.99,281580,9.99,0.99
3301,Homeworld: Deserts of Kharak,49.99,281610,49.99,9.99
3302,The Banner Saga 2,19.99,281640,24.99,6.79
3304,Munin,9.99,281750,4.99,0.49
3305,Explodemon,8.99,281820,8.99,0.89
3311,Stellaris,39.99,281990,39.99,9.99
3312,Carmageddon Max Pack,9.99,282010,9.99,2.49
3313,Carmageddon 2: Carpocalypse Now,9.99,282030,9.99,2.49
3314,MX vs. ATV Supercross Encore,29.99,282050,29.99,7.49
3315,This War of Mine,19.99,282070,19.99,3.99
3316,Fearless Fantasy,6.99,282100,6.99,0.69
3317,SOMA,29.99,282140,29.99,4.49
3321,SuperPower 2 Steam Edition,9.99,282400,9.99,1.99
3326,The Battle of Sol,9.99,282620,9.99,0.99
3334,Masterspace,13.99,282860,7.99,1.99
3338,Strategic War in Europe,14.99,283000,14.99,2.24
3339,The Campaign Series: Fall Weiss,14.99,283020,14.99,2.24
3342,Super Chibi Knight,4.99,283080,4.99,1.24
3343,Colonies Online,14.99,283100,14.99,3.74
3344,House of the Dying Sun,19.99,283160,19.99,6.79
3345,The Samaritan Paradox,9.99,283180,6.99,1.04
3346,Spoiler Alert,2.99,283230,2.99,0.59
3348,Nosferatu: The Wrath of Malachi,9.99,283290,2.99,0.89
3349,Soulbringer,9.99,283310,2.99,0.89
3350,Desert Thunder,9.99,283330,2.99,0.89
3351,Eurofighter Typhoon,9.99,283350,2.99,0.89
3352,Marine Sharpshooter II: Jungle Warfare,9.99,283370,2.99,0.89
3353,Incoming Forces,9.99,283390,2.99,0.89
3354,CT Special Forces: Fire for Effect,9.99,283410,2.99,0.49
3355,Litil Divil,9.99,283430,2.99,0.89
3356,Zooloretto,6.99,283450,2.99,0.89
3359,Munich Bus Simulator,24.99,283560,14.99,7.49
3360,New York Bus Simulator,9.99,283580,9.99,2.99
3363,Salt and Sanctuary,17.99,283640,17.99,7.19
3367,ALLTYNEX Second,7.99,283840,7.99,3.99
3375,Sanitarium,9.99,284050,9.99,1.99
3377,Unclaimed World,18.99,284100,18.99,3.79
3379,BeamNG.drive,24.99,284160,24.99,16.74
3381,Robot Rescue Revolution,4.99,284200,4.99,0.99
3382,Diadra Empty,5.99,284220,5.99,2.39
3383,Maize,0.0,284240,19.99,4.99
3384,PANORAMICAL,9.99,284260,9.99,3.09
3388,DeadCore,9.99,284460,9.99,2.49
3392,Dark Arcana: The Carnival,9.99,284730,9.99,1.49
3394,Enigmatis 2: The Mists of Ravenwood,9.99,284770,9.99,2.39
3395,Nightmares from the Deep 2: The Siren`s Call,9.99,284790,9.99,1.99
3396,Nightmares from the Deep 3: Davy Jones,9.99,284810,9.99,2.49
3397,Clockwork Tales: Of Glass and Ink,9.99,284830,9.99,1.99
3398,Grim Legends: The Forsaken Bride,9.99,284850,9.99,1.99
3400,Left in the Dark: No One on Board,9.99,284890,9.99,1.99
3401,Purgatory: War of the Damned,14.99,284910,14.99,7.49
3405,Solarix,19.99,284990,19.99,1.99
3406,Pixel Puzzles: UndeadZ,6.99,285010,6.99,0.69
3408,Between Me and The Night,14.99,285070,14.99,3.74
3409,Robowars,14.99,285090,14.99,1.49
3410,GearCity,16.99,285110,16.99,7.99
3417,Deadly Sin 2,4.99,285420,4.99,0.99
3418,Crimzon Clover WORLD IGNITION,9.99,285440,9.99,1.99
3419,The Entente Gold,1.99,285480,1.99,0.49
3420,Hard Truck Apocalypse / Ex Machina,7.99,285500,7.99,0.71
3421,Sledgehammer / Gear Grinder,7.99,285520,7.99,0.71
3423,Galactic Command Echo Squad SE,9.99,285670,9.99,4.99
3427,Enemy Mind,9.99,285840,9.99,0.99
3428,Gang Beasts,19.99,285900,19.99,12.59
3429,TerraTech,19.99,285920,24.99,9.99
3431,Kromaia,19.99,285980,19.99,3.99
3434,QuestRun,8.99,286120,4.99,0.99
3435,Eidolon,15.0,286140,15,1.5
3436,Tabletop Simulator,19.99,286160,19.99,8.99
3437,ReignMaker,14.99,286200,14.99,7.49
3438,Pier Solar and the Great Architects,14.99,286220,14.99,5.09
3439,Dog Sled Saga,7.99,286240,7.99,2.63
3441,Steel Armor: Blaze of War,29.99,286280,29.99,14.99
3442,Oknytt,4.99,286320,4.99,0.49
3443,FarSky,9.99,286340,4.99,1.99
3446,Rover Rescue,4.99,286440,4.99,0.49
3447,Black Mirror II,9.99,286460,9.99,0.99
3448,Black Mirror III,9.99,286480,9.99,0.99
3452,F1 2015,54.99,286570,39.99,9.99
3454,Metro 2033 Redux,19.99,286690,19.99,3.99
3456,Zoo Empire,6.99,286750,6.99,1.74
3457,Shadow Ops: Red Mercury,6.99,286770,6.99,0.97
3460,Hard Truck Apocalypse: Arcade / Ex Machina: Arcade,4.99,286830,4.99,0.44
3461,Disney Planes,19.99,286880,19.99,4.99
3468,Wildlife Park 3,9.99,287200,9.99,3.39
3469,Autocraft,9.99,287220,9.99,2.49
3470,Toybox Turbos,14.99,287260,14.99,3.74
3471,Resident Evil Revelations 2 / Biohazard Revelations 2,5.99,287290,5.99,0.77
3475,Metro: Last Light Redux,19.99,287390,19.99,3.99
3476,Rise of Nations: Extended Edition,19.99,287450,19.99,3.99
3477,Pandora: First Contact,29.99,287580,29.99,7.49
3480,Nostradamus: The Last Prophecy,4.99,287720,4.99,0.79
3482,Derrick the Deathfin,7.99,287780,7.99,1.59
3485,Pro Pinball Ultra,14.99,287900,14.99,7.49
3487,Yomi,14.99,287960,14.99,4.94
3488,Mini Metro,9.99,287980,9.99,4.99
3489,Oncoming Death Steam Edition,4.99,288000,4.99,2.99
3490,Rex Rocket,4.99,288020,4.99,0.99
3491,Actual Sunlight,4.99,288040,4.99,0.49
3492,Whispering Willows,9.99,288060,9.99,1.49
3493,MechRunner,7.99,288100,6.99,1.99
3494,Dungeonmans,14.99,288120,14.99,5.09
3495,Jack Nicklaus Perfect Golf,34.99,288140,34.99,19.99
3497,Backstage Pass,29.99,288220,29.99,16.49
3498,Conflicks - Revolutionary Space Battles,14.99,288260,6.99,1.74
3501,Deckadance 2,49.99,288420,49.99,19.99
3502,Fable Anniversary,34.99,288470,34.99,5.24
3503,Black Rainbow,6.99,288500,6.99,2.09
3504,Kingdom Tales 2,6.99,288610,6.99,2.09
3505,Sharpe Investigations: Death on the Seine,6.99,288630,6.99,2.09
3506,HTR+ Slot Car Simulation,6.99,288650,6.99,1.74
3508,Sudokuball Detective,6.99,288690,2.99,0.89
3509,Demolition Master 3D,4.99,288710,2.99,0.59
3510,Redneck Racers,2.99,288730,1.99,0.59
3513,Voodoo Whisperer Curse of a Legend,4.99,288830,4.99,0.49
3514,Haunted Past: Realm of Ghosts,4.99,288840,4.99,0.49
3515,Pineview Drive,19.99,288880,19.99,3.99
3519,Ampu-Tea,4.99,289090,4.99,0.49
3521,A.I.M.2 Clan Wars,2.99,289180,2.99,0.68
3522,Ascension to the Throne,2.99,289200,2.99,0.68
3523,BorderZone,2.99,289220,2.99,0.68
3525,Dreamscapes: The Sandman - Premium Edition,6.99,289260,6.99,1.39
3526,El Matador,4.99,289280,3.99,0.79
3527,Faces of War,4.99,289300,4.99,0.99
3529,Freight Tycoon Inc.,4.99,289340,4.99,0.99
3530,Konung 2,2.99,289360,2.99,0.74
3531,Konung 3: Ties of the Dynasty,2.99,289380,2.99,0.74
3532,Parkan 2,3.99,289400,3.99,0.79
3534,Perimeter,3.99,289440,3.99,0.79
3536,The Tomorrow War,2.99,289480,2.99,0.74
3537,UFO: Aftershock,3.99,289500,3.99,0.79
3539,Aggression: Europe Under Fire,9.99,289580,9.99,0.89
3544,ROCKETSROCKETSROCKETS,6.99,289760,6.99,0.97
3546,Dracula: The Resurrection,4.99,289800,4.99,0.49
3547,Dracula 2: The Last Sanctuary,4.99,289820,4.99,0.49
3548,Dracula 3: The Path of the Dragon,7.99,289840,7.99,0.79
3551,TransOcean: The Shipping Company,19.99,289930,19.99,3.99
3553,DubWars,9.99,290000,9.99,0.99
3554,LogicBots,19.99,290020,19.99,7.99
3555,Retro Game Crunch,9.99,290040,9.99,0.99
3557,Life is Feudal: Your Own,39.99,290080,19.99,7.99
3559,Sokobond,9.99,290260,9.99,2.49
3561,Rebel Galaxy,19.99,290300,19.99,3.99
3562,Project Temporality,14.99,290320,14.99,2.99
3563,Armello,19.99,290340,19.99,9.99
3564,Micron,4.99,290380,4.99,0.99
3568,The Flock,16.99,290490,16.99,1.69
3569,Clandestine,19.99,290530,19.99,3.99
3570,Time Ramesside (A New Reckoning),4.99,290650,7.99,0.99
3574,Grey Goo,29.99,290790,29.99,4.79
3576,Steam Squad,17.99,290870,17.99,1.79
3577,You Must Build A Boat,4.99,290890,4.99,0.59
3579,Flower Shop: Summer In Fairbrook,14.99,290990,14.99,3.74
3585,Akane the Kunoichi,2.99,291130,2.99,0.59
3587,Royal Defense,5.99,291170,4.99,0.49
3588,Heroes of Steel RPG,9.99,291190,9.99,3.99
3589,Jumpdrive,14.99,291250,9.99,6.69
3591,Motte Island,4.99,291290,4.99,1.99
3592,Final Slam 2,3.99,291330,3.99,0.51
3593,Undead Overlord,14.99,291370,14.99,12.74
3594,Three Dead Zed,5.99,291390,5.99,0.59
3596,Lost Marbles,9.99,291430,9.99,0.99
3600,Growing Pains,4.99,291610,4.99,0.49
3601,Mirror Mysteries,4.99,291630,4.99,0.49
3605,The Lost Crown,9.99,291710,9.99,1.99
3609,Firefighters 2014,19.99,291910,19.99,3.99
3610,Industry Empire,19.99,291930,19.99,3.99
3611,Elminage Gothic,9.99,291960,9.99,0.99
3617,UFO: Aftermath,3.99,292160,3.99,0.79
3619,Crazy Plant Shop,4.99,292200,4.99,1.24
3625,Starship Corporation,19.99,292330,19.99,7.99
3627,DarkEnd,14.99,292370,1.99,0.79
3628,Racer 8,4.99,292380,4.99,0.49
3631,Street Racing Syndicate,9.99,292410,2.99,0.89
3633,Magical Battle Festa,9.99,292480,9.99,2.49
3634,Kero Blaster,9.99,292500,9.99,4.99
3636,Duet,4.99,292600,4.99,2.04
3637,Pressured,2.99,292620,2.99,0.29
3640,Princess Isabella - Return of the Curse,4.99,292670,4.99,0.49
3641,Rise of Prussia Gold,19.99,292760,19.99,4.79
3644,Pajama Sam 4: Life Is Rough When You Lose Your Stuff!,6.99,292820,6.99,0.97
3651,AntharioN,14.99,293160,14.99,3.74
3652,Overcast - Walden and the Werewolf,0.99,293180,0.99,0.14
3655,Cosmochoria,9.99,293240,9.99,1.99
3658,Coma: Mortuary,5.99,293320,5.99,0.49
3662,Elliot Quest,9.99,293440,9.99,4.49
3663,I Shall Remain,9.99,293460,9.99,2.49
3669,TRI: Of Friendship and Madness,14.99,293660,14.99,2.99
3670,Cinders,19.99,293680,19.99,4.99
3672,Road Not Taken,14.99,293740,14.99,2.99
3673,Automation - The Car Company Tycoon Game,29.99,293760,29.99,25.49
3676,Cult of the Wind,9.99,293840,9.99,0.99
3677,White Noise Online,5.99,293860,4.99,0.59
3679,Pivvot,4.99,293900,4.99,1.24
3682,Spice Road,19.99,293960,19.99,2.99
3683,Baron Wittard: Nemesis of Ragnarok,7.99,293980,7.99,7.99
3684,Knight Squad,14.99,294000,14.99,2.24
3685,Merchants of Kaidan,14.99,294020,14.99,1.49
3688,RimWorld,29.99,294100,34.99,29.99
3690,They Breathe,1.99,294140,1.99,0.49
3693,Millie,3.99,294230,3.99,0.39
3696,Escape The Lost Kingdom: The Forgotten Pharaoh,4.99,294390,4.99,0.49
3700,Freddi Fish 3: The Case of the Stolen Conch Shell,6.99,294540,6.99,1.74
3702,Freddi Fish 5: The Case of the Creature of Coral Cove,6.99,294570,6.99,1.74
3704,Wars and Warriors: Joan of Arc,6.99,294590,6.99,1.74
3713,Marine Park Empire,6.99,294730,6.99,1.74
3714,Anomaly Defenders,9.99,294750,9.99,0.99
3715,Haegemonia: Legions of Iron,4.99,294770,4.99,0.99
3726,Defense Zone 2,4.99,295630,3.99,1.49
3727,Hive Jump,19.99,295670,19.99,3.99
3728,PARTICLE MACE,9.99,295690,9.99,0.19
3730,Sweezy Gunner,3.99,295730,3.99,0.99
3731,The Floor is Jelly,9.99,295750,9.99,0.99
3732,Rogue Shooter: The FPS Roguelike,4.99,295770,4.99,1.49
3733,Never Alone (Kisima Ingitchuna),14.99,295790,14.99,2.99
3734,Vlad the Impaler,0.99,295850,0.99,0.99
3735,The Dungeoning,6.99,295870,3.99,1.39
3736,Olympia Rising,4.99,295910,4.99,1.24
3737,Swipecart,2.99,295930,2.99,1.49
3738,Evopollution,4.99,295990,4.99,0.49
3739,NeonXSZ,19.99,296010,14.99,3.74
3740,Qasir al-Wasat: International Edition,14.99,296030,14.99,1.49
3741,Battlepaths,4.99,296050,2.99,0.49
3744,Iron Storm,2.99,296180,2.99,0.89
3745,Brigade E5: New Jagged Union,3.99,296210,3.99,0.91
3746,Farm Frenzy 4,6.99,296220,6.99,0.62
3747,The Promised Land,6.99,296240,6.99,0.62
3748,TownCraft,9.99,296280,9.99,4.99
3749,Ballistic Overkill,6.99,296300,11.99,2.99
3750,Mount Your Friends,4.99,296470,4.99,1.99
3751,GemCraft - Chasing Shadows,9.99,296490,9.99,1.99
3752,Magnetic By Nature,9.99,296510,9.99,1.49
3753,Coldfire Keep,4.99,296530,3.99,0.99
3754,Niko: Through The Dream,9.99,296550,9.99,2.99
3756,Draconian Wars,5.99,296590,5.99,1.19
3757,Kraven Manor,5.99,296630,5.99,0.95
3758,The Great Jitters: Pudding Panic,4.99,296650,4.99,0.97
3766,Neon Shadow,4.99,296890,4.99,0.49
3769,Renowned Explorers: International Society,19.99,296970,19.99,3.99
3771,The Culling Of The Cows,12.99,297020,9.99,1.04
3772,Freaking Meatbags,9.99,297060,9.99,1.99
3773,Nicolas Eymerich The Inquisitor Book II : The Village,9.99,297070,9.99,0.99
3774,Navpoint,4.99,297080,4.99,0.99
3776,Cosmic DJ,2.99,297110,2.99,0.44
3777,Heavy Bullets,9.99,297120,9.99,1.99
3778,Titan Souls,14.99,297130,14.99,3.74
3782,Pro Wrestling X,9.99,297310,9.99,5.99
3783,Arcadecraft,9.99,297330,9.99,2.49
3784,The Old City: Leviathan,5.99,297350,5.99,1.49
3785,Hero of Many,6.99,297370,6.99,1.74
3787,Trace Vector,6.99,297410,6.99,1.39
3788,Zombies on a Plane,19.99,297450,4.99,0.99
3789,Xsyon - Prelude,29.99,297470,29.99,14.99
3790,Spy Chameleon - RGB Agent,4.99,297490,4.99,0.99
3792,Monsters Ate My Birthday Cake,7.99,297590,7.99,3.99
3795,Corpse of Discovery,7.99,297720,7.99,1.19
3796,Overruled!,12.99,297740,12.99,1.29
3797,Close Combat - Gateway to Caen,39.99,297750,39.99,9.99
3798,Qvadriga,19.99,297760,19.99,4.79
3800,Split/Second,19.99,297860,19.99,4.99
3802,Escape The Museum,4.99,298020,4.99,0.49
3803,Total Annihilation,4.99,298030,4.99,1.24
3804,Master of Orion,29.99,298050,29.99,7.49
3806,Rhiannon: Curse of the Four Branches,5.99,298140,4.99,0.71
3809,Terraformer Expedition to Mars,24.99,298220,24.99,14.99
3812,XenoRaptor,14.99,298280,9.99,2.49
3815,Immortal Defense,9.99,298360,9.99,0.99
3816,Knightmare Tower,3.99,298400,3.99,0.99
3817,Dreii,5.99,298420,5.99,2.99
3819,Orbital Gear,9.99,298520,9.99,0.99
3820,Captain Forever Remix,14.99,298560,14.99,1.49
3821,Lovely Planet,5.99,298600,5.99,1.19
3825,Millennium 3 - Cry Wolf,5.99,298830,5.99,0.59
3826,Millennium 4 - Beyond Sunset,5.99,298840,5.99,0.59
3827,Millennium 5 - The Battle of the Millennium,9.99,298850,9.99,0.99
3832,Runaway Express Mystery,6.99,299020,6.99,2.09
3833,Blood: One Unit Whole Blood,4.99,299030,4.99,1.24
3834,Blood II: The Chosen + Expansion,4.99,299050,4.99,1.24
3835,Warrior Kings: Battles,9.99,299070,9.99,0.99
3836,Cosplay Maker,14.99,299090,14.99,2.24
3837,Back To Life 2,4.99,299100,4.99,0.49
3838,Theatre Of The Absurd,4.99,299110,4.99,0.49
3840,Empress Of The Deep 2: Song Of The Blue Whale,4.99,299160,4.99,0.49
3841,Vault Cracker,4.99,299170,4.99,0.49
3842,Millionaire Manor,4.99,299180,4.99,0.49
3843,European Ship Simulator,19.99,299250,19.99,4.99
3845,Habitat,14.99,299340,14.99,1.49
3847,Masquerade: The Baubles of Doom,14.99,299380,14.99,7.49
3850,Woodle Tree Adventures,2.99,299460,2.99,0.05
3851,Rogue Stormers,19.99,299480,19.99,1.99
3852,International Snooker,12.99,299500,12.99,1.29
3853,Heroes Rise: The Prodigy,2.99,299540,3.99,1.79
3854,Abducted,5.99,299580,14.99,1.24
3857,Tengami,9.99,299680,4.99,2.49
3859,Miscreated,19.99,299740,24.99,7.59
3860,Noir Syndrome,6.99,299780,6.99,1.74
3862,Paradigm Shift,1.99,299820,1.99,0.49
3866,ADR1FT,19.99,300060,19.99,4.99
3871,Planetoid Pioneers,39.99,300260,19.99,6.99
3882,Infinifactory,24.99,300570,24.99,6.24
3883,GALAK-Z,9.99,300580,19.99,3.99
3891,Hippocampal: The White Sofa,4.99,300900,4.99,0.49
3898,Frederic: Evil Strikes Back,7.99,301200,7.99,0.79
3900,SPORT1 Live : Duel,4.99,301250,4.99,0.99
3903,NoLimits 2 Roller Coaster Simulation,39.99,301320,39.99,23.99
3905,Date Warp,9.99,301380,9.99,0.99
3906,Third Eye Crime,4.99,301420,4.99,3.34
3907,Electronic Super Joy: Groove City,4.99,301460,4.99,2.49
3911,White Night,14.99,301560,14.99,3.74
3941,Curse: The Eye of Isis,2.99,302210,2.99,0.74
3943,Manhunter,4.99,302250,4.99,0.49
3944,Truffle Saga,4.99,302260,1.99,0.49
5599,TableTop Cricket,9.99,349530,9.99,4.99
5600,PeriAreion,10.99,349540,5.99,2.99
5619,Environmental Station Alpha,7.99,350070,7.99,3.19
5621,No Pineapple Left Behind,9.99,350090,6.99,1.74
5622,TransOcean 2: Rivals,24.99,350110,24.99,7.49
5624,Revolution 60,9.99,350200,9.99,9.99
5628,BLADESTORM: Nightmare,59.99,350310,59.99,17.99
5629,Call of the Ninja!,6.99,350330,6.99,3.49
5634,Airport Firefighters - The Simulation,14.99,350530,14.99,4.49
5635,Area-X,24.99,350550,24.99,17.49
5637,Combat Cats,2.99,350610,2.99,0.74
5638,Sandmason,3.99,350620,3.99,0.39
5644,The Bug Butcher,7.99,350740,7.99,1.59
5648,Pixel Puzzles 2: Anime,9.99,350810,9.99,0.99
5655,Outpost 13,4.99,351060,0.99,0.49
5656,The Corporate Machine,9.99,351080,9.99,0.99
5657,Regency Solitaire,9.99,351090,9.99,2.49
5658,Niffelheim,19.99,351100,19.99,9.99
5660,DRAGON: A Game About a Dragon,4.99,351150,4.99,0.19
5662,Tower of Eglathia,3.99,351220,3.99,3.59
5663,Counter Spell,6.99,351230,9.99,4.68
5664,Venusian Vengeance,3.99,351240,3.99,0.49
5666,Survival: Postapocalypse Now,4.99,351290,4.99,1.24
5669,Belladonna,6.99,351340,6.99,0.69
5672,Veteran Combat,4.99,351420,1.99,0.74
5673,Scribble Space,1.99,351450,1.99,0.79
5674,Sometimes: Success Requires Sacrifice,0.99,351470,0.99,0.19
5676,Intergalactic Bubbles,9.99,351490,1.99,0.49
5677,Quiplash,9.99,351510,9.99,3.99
5680,UnReal World,10.99,351700,10.99,8.24
5692,Crazy Machines 3,0.0,351920,9.99,2.49
5693,The Descendant,2.99,351940,14.99,0.59
5694,Tales of Zestiria,49.99,351970,49.99,12.49
5697,The World Named Fred,3.99,352030,3.99,3.19
5698,Chesster,3.99,352050,3.99,1.35
5699,Fort Meow,7.99,352070,7.99,1.59
5701,Fair Strike,3.99,352120,3.99,0.49
5702,Locoland,4.99,352130,4.99,0.49
5707,Little Cells,3.99,352210,3.99,0.59
5708,King of Dragon Pass,11.99,352220,11.99,2.15
5709,The Westport Independent,9.99,352240,4.99,1.24
5713,Defect,14.99,352370,5.99,5.99
5715,Farlight Explorers,14.99,352430,14.99,9.89
5716,Catacombs of the Undercity,9.99,352440,4.99,0.99
5719,The Silent Age,9.99,352520,9.99,0.99
5720,Poppy Kart,4.99,352530,4.99,4.99
5721,Urban Empire,39.99,352550,29.99,5.99
5722,Hidden: On the trail of the Ancients,9.99,352580,9.99,0.99
5724,Porcunipine,9.99,352620,9.99,0.99
5725,The Indie Mixtape,9.99,352640,9.99,1.09
5727,The Universim,0.0,352720,29.99,23.99
5728,Princess Battles,16.99,352740,16.99,11.89
5730,Kaiju Panic,19.99,352760,9.99,4.99
5732,Futuridium EP Deluxe,9.99,352790,9.99,2.49
5733,DGU: Death God University,9.99,352850,9.99,2.49
5735,Giana Sisters: Dream Runners,9.99,352900,9.99,2.49
5736,Better Late Than DEAD,14.99,352950,4.99,1.49
5739,Chicken Invaders 5,4.99,353090,4.99,2.49
