,Name,AppId,APIName,Version
11,Counter-Strike: Source,240,ValveTestApp260,182
19,Half-Life 2: Episode Two,420,Half-Life 2: Episode Two,11
20,Team Fortress 2,440,Team Fortress 2,345
22,Left 4 Dead 2,550,,127
23,Dota 2,570,[STAGING] DotA 2,11
24,Portal 2,620,Portal 2,1108170002
26,Portal 2,620,Portal 2,1108170002
27,Counter-Strike: Global Offensive,730,ValveTestApp260,238
29,Red Orchestra: Ostfront 41-45,1200,Red Orchestra Beta,18
36,DEFCON,1520,ValveTestApp1525,24
46,Source Filmmaker,1840,ValveTestApp1840,4
67,Bloody Good Time,2450,ValveTestApp2450,56
87,X3: Terran Conflict,2820,,13
90,X Rebirth,2870,X Rebirth,32
143,Psychonauts,3830,ValveTestApp3860,16
188,Shank,6120,,5
189,Shank,6120,,5
202,Bullet Candy,6600,Bullet Candy,6
273,BioShock Infinite,8870,Bioshock Infinite,57
296,Gish,9500,Gish,6
303,Champions Online,9880,ValveTestApp9880,61
306,Blade Kitten,9940,ValveTestApp9940,12
341,Space Trader: Merchant Marine,11240,Space Trader,15
345,Obulis,11330,,15
447,AaAaAA!!! - A Reckless Disregard for Gravity,15520,AaaaaAAaaaAAAaaAAAAaAAAAA!!!,13
448,1... 2... 3... KICK IT! (Drop That Beat Like an Ugly Baby),15540,1... 2... 3... Kick It!,8
449,AaaaaAAaaaAAAaaAAAAaAAAAA!!! for the Awesome,15560,AaaaaAAaaaAAAaaAAAAaAAAAA!!!,16
485,Children of the Nile: Alexandria,17120,Children of the Nile CP1,2
500,Dystopia,17580,Dystopia Beta,25
501,Nuclear Dawn,17710,ValveTestApp17710,108
508,The Baconing,18070,ValveTestApp18070,5
509,Unstoppable Gorg,18120,ValveTestApp18120,29
510,Spectraball,18300,ValveTestApp18300,40
518,Defense Grid: The Awakening,18500,,74
523,Puzzle Chronicles,19020,,8
536,Galactic Bowling,20200,ValveTestApp20200,23
547,The Witcher 2: Assassins of Kings Enhanced Edition,20920,ValveTestApp20920,21
574,Zeno Clash,22200,Zeno Clash,23
577,Rogue Warrior,22310,ValveTestApp22310,53
585,Fallout: New Vegas,22380,ValveTestApp22380,25
587,Fallout: New Vegas,22380,ValveTestApp22380,25
588,Spectromancer,22500,Spectromancer,3
592,Alien Breed 3: Descent,22670,ValveTestApp22670,4
603,Earth Defense Force: Insect Armageddon,23530,ValveTestApp23530,4
615,Aquaria,24420,ValveTestApp24420,10
648,The Maw,26000,ValveTestApp26000,14
649,Drug Wars,26300,ValveTestApp26300,20
650,Cogs,26500,Cogs,18
651,Braid,26800,ValveTestApp26800,6
657,Blacklight: Tango Down,27330,ValveTestApp27330,14
663,Booster Trooper,27920,Booster Trooper,34
688,Poker Night at the Inventory,31280,ValveTestApp31280,12
711,Everyday Genius: SquareLogic,32150,ValveTestApp32150,17
771,Ziro,33660,ValveTestApp33660,10
786,Pound of Ground,33980,Pound of Ground,34
821,Total War: SHOGUN 2,34330,ValveTestApp34250,89
843,Lara Croft and the Guardian of Light,35130,ValveTestApp35130,5
851,Big Brain Wolf,35600,ValveTestApp35600,19
856,Foreign Legion: Buckets of Blood,36000,ValveTestApp36000,19
928,Portal 2,620,Portal 2,1108170002
937,Shank,6120,,5
952,Fallout: New Vegas,22380,ValveTestApp22380,25
983,Hotel Giant 2,38230,Hotel Giant 2,8
992,Faerie Solitaire,38600,,6
997,Moonbase Alpha,39000,ValveTestApp39000,12
1000,FINAL FANTASY VII,39140,Final Fantasy VII,8
1001,FINAL FANTASY VIII,39150,,13
1002,Dungeon Siege III,39160,ValveTestApp39160,10
1021,Nation Red,39800,Nation Red,188
1022,Coniclysm,39900,ValveTestApp39900,2
1023,Supreme Commander 2,40100,ValveTestApp40100,40
1033,AI War: Fleet Command,40400,AI War: Fleet Command,37
1034,Tidalis,40420,ValveTestApp40420,17
1036,Machinarium,40700,Machinarium,3
1038,Super Meat Boy,40800,Super Meat Boy,17
1039,The Misadventures of P.B. Winterbottom,40930,,18
1048,Serious Sam 3: BFE,41070,Serious Sam 3: BFE,20
1069,DogFighter,42500,ValveTestApp42500,33
1086,Sword of the Stars II: Enhanced Edition,42990,Sword of the Stars II,8
1087,Front Mission Evolved,43000,Front Mission Evolved,25
1097,GRID 2,44350,ValveTestApp44350,49
1106,Ignite,45410,ValveTestApp45410,19
1107,Land It!,45420,ACS,14
1117,Dead Rising 2: Off the Record,45770,,7
1142,Grotesque Tactics 2 - Dungeons and Donuts,46570,Grotesque Tactics 2,3
1156,4 Elements,47000,ValveTestApp47000,13
1164,Puzzle Quest 2,47540,ValveTestApp47540,44
1179,LIMBO,48000,ValveTestApp48000,27
1191,Greed Corp,48950,ValveTestApp48950,9
1193,Commander: Conquest of the Americas,49300,ValveTestApp49300,22
1198,Borderlands 2,49520,Borderlands,68
1202,CreaVures,49810,creavures,6
1206,Mafia II,50130,Mafia II,33
1207,Spec Ops: The Line,50300,ValveTestApp50300,78
1233,MX vs. ATV Reflex,55140,MX vs ATV Reflex,11
1241,Amnesia: The Dark Descent,57300,Amnesia: The Dark Descent,6
1248,Jagged Alliance - Back in Action,57740,ValveTestApp57740,36
1249,Doc Clock: The Toasted Sandwich of Time,57800,ValveTestApp57800,16
1250,Duke Nukem Forever,57900,Untitled Piranha Game,74
1255,A Game of Thrones - Genesis,58550,ValveTestApp58550,45
1258,Wargame: European Escalation,58610,ValveTestApp58610,13
1260,Glowfish,60350,ValveTestApp60350,4
1272,Critter Crunch,61730,ValveTestApp61730,5
1279,Sniper Elite V2,63380,ValveTestApp63380,16
1288,BIT.TRIP BEAT,63700,,16
1290,Delve Deeper,63800,ValveTestApp63800,20
1293,Men of War: Vietnam,63940,ValveTestApp63940,16
1311,Carrier Command: Gaea Mission,65740,ValveTestApp65740,28
1315,The Bureau: XCOM Declassified,65930,ValveTestApp65930,76
1319,Dino D-Day,70000,Dino D-Day,27
1325,VVVVVV,70300,VVVVVV,3
1329,Worms Ultimate Mayhem,70600,ValveTestApp70600,26
1356,Crazy Taxi,71230,Crazy Taxi,2
1357,SEGA Bass Fishing,71240,,1
1358,Sonic Adventure DX,71250,Sonic Adventure DX,4
1359,Space Channel 5: Part 2,71260,Space Channel 5: Part 2,2
1365,The Elder Scrolls V: Skyrim,72850,ValveTestApp72850,32
1375,APOX,80000,APOX,25
1376,Fate of the World,80200,Fate of the World,17
1378,Gemini Rue,80310,ValveTestApp80310,22
1379,The Blackwell Legacy,80330,Blackwell Legacy,3
1380,Blackwell Unbound,80340,Blackwell Unbound,3
1381,Blackwell Convergence,80350,Blackwell Convergence,2
1382,Blackwell Deception,80360,Blackwell Deception,3
1383,Farming Simulator 2011,90200,,4
1386,SkyDrift,91100,ValveTestApp91100,15
1390,E.Y.E: Divine Cybermancy,91700,E.Y.E,18
1393,Post Apocalyptic Mayhem,91900,Post Apocalyptic Mayhem,81
1394,Hydrophobia: Prophecy,92000,ValveTestApp92000,11
1395,DETOUR,92100,ValveTestApp92100,8
1398,GundeadliGne,92220,ValveTestApp92220,23
1403,SpaceChem,92800,SpaceChem,7
1405,Revenge of the Titans,93200,Revenge of the Titans,9
1407,Jamestown,94200,ValveTestApp94200,20
1409,Nidhogg,94400,Nidhogg,9
1414,Puzzle Agent 2,94590,ValveTestApp94590,35
1418,Super Splatters,95000,,3
1419,Capsized,95300,ValveTestApp95300,25
1428,Slam Bolt Scrappers,96900,ValveTestApp96900,17
1441,Dungeons of Dredmor,98800,Dungeons of Dredmor,21
1447,Garshasp: The Monster Slayer,99400,,13
1452,Spiral Knights,99900,Spiral Knights,23
1462,Gatling Gears,102810,ValveTestApp48960,4
1466,Storm in a Teacup,104020,ValveTestApp104020,4
1471,ORION: Prelude,104900,Orion: Prelude,51
1472,A New Beginning - Final Cut,105000,ValveTestApp105000,16
1475,Ms. Splosion Man,105420,ValveTestApp105420,9
1477,Terraria,105600,Terraria,7
1480,Bastion,107100,ValveTestApp107100,22
1484,Arma 3,107410,Arma 3,74
1485,Waves,107600,ValveTestApp107600,32
1489,Ticket to Ride,108200,Ticket to Ride,21
1493,Death Rally,108700,ValveTestApp108700,27
1494,Alan Wake,108710,ValveTestApp108710,8
1501,inMomentum,110400,,43
1504,Alien Zombie Megadeath,110610,ValveTestApp110610,5
1506,L.A. Noire,110800,,11
1509,Snuggle Truck,111100,ValveTestApp111100,6
1510,Smash Cars,111300,,6
1512,Serious Sam Double D XXL,111600,ValveTestApp111600,9
1514,Guardians of Middle-earth,111900,ValveTestApp111900,11
1518,APB Reloaded,113400,ValveTestApp113400,14
1520,Costume Quest,115100,ValveTestApp115100,37
1521,Stacking,115110,ValveTestApp115110,4
1522,Iron Brigade,115120,Iron Brigade,3
1528,Owlboy,115800,Owlboy,15
1529,Super Toy Cars,116100,Toy Cars,7
1530,Lightfish,116120,ValveTestApp116120,4
1531,Quantum Conundrum,200010,ValveTestApp200010,21
1532,Global Ops: Commando Libya,200020,ValveTestApp200020,12
1535,Puzzler World 2,200130,ValveTestApp200130,6
1537,Worms Revolution,200170,ValveTestApp200170,16
1546,XCOM: Enemy Unknown,200510,ValveTestApp200510,67
1550,Torchlight II,200710,ValveTestApp200710,42
1551,Cave Story+,200900,ValveTestApp200900,10
1552,Before the Echo,200910,Sequence,19
1553,Sonic CD,200940,ValveTestApp200940,5
1560,Revelations 2012,201070,ValveTestApp201070,29
1563,Total War: SHOGUN 2,34330,ValveTestApp34250,89
1566,Toki Tori 2+,201420,Toki Tori 2,72
1570,Really Big Sky,201570,Really Big Sky,2
1572,Orcs Must Die! 2,201790,ValveTestApp201790,14
1573,Wolfenstein: The New Order,201810,Wolfenstein: The New Order,3
1574,Jurassic Park: The Game,201830,ValveTestApp201830,19
1588,Dynamite Jack,202730,Anathema Mines,3
1599,Containment: The Zombie Puzzler,203560,ValveTestApp203560,17
1600,Warlock - Master of the Arcane,203630,Warlock - Master of the Arcane,3
1603,Binary Domain,203750,ValveTestApp203750,26
1606,The Dark Eye: Chains of Satinav,203830,ValveTestApp203830,8
1607,SATAZIUS,203990,SATAZIUS,5
1609,Superbrothers: Sword & Sworcery EP,204060,ValveTestApp204060,9
1611,Max Payne 3,204100,,9
1613,Waveform,204180,ValveTestApp204180,28
1620,Pickers,204440,Pickers,4
1622,Infested Planet,204530,ValveTestApp204530,9
1624,Rotastic,204580,ValveTestApp204580,14
1627,Babel Rising,204840,,9
1633,BIT.TRIP CORE,205060,ValveTestApp205060,3
1634,BIT.TRIP VOID,205070,ValveTestApp205070,4
1635,BIT.TRIP FATE,205080,ValveTestApp205080,3
1636,BIT.TRIP FLUX,205090,ValveTestApp205090,3
1642,Foreign Legion: Multi Massacre,205550,ValveTestApp205550,18
1643,Port Royale 3,205610,ValveTestApp205610,18
1645,1000 Amps,205690,,3
1647,Insanely Twisted Shadow Planet,205730,Insanely Twisted Shadow Planet,4
1648,Jagged Alliance: Crossfire,205810,ValveTestApp205810,5
1649,Luxor Evolved,205830,Luxor Evolved,5
1654,Jet Set Radio,205950,ValveTestApp205950,6
1659,Gunpoint,206190,ValveTestApp206190,22
1665,Saints Row IV,206420,ValveTestApp206420,24
1666,To the Moon,206440,ValveTestApp206440,12
1670,iBomber Defense Pacific,206690,ValveTestApp206690,3
1672,Alien Spidy,207000,ValveTestApp207000,19
1674,Sine Mora,207040,ValveTestApp207040,5
1679,Fireburst,207190,ValveTestApp207190,4
1682,Cubemen,207250,ValveTestApp207250,7
1683,Ys: The Oath in Felghana,207320,ValveTestApp207320,20
1684,Ys Origin,207350,ValveTestApp207350,26
1688,Wizorb,207420,ValveTestApp207420,7
1694,A Virus Named TOM,207650,ValveTestApp207650,26
1695,AVSEQ,207670,ValveTestApp207670,11
1696,Botanicula,207690,ValveTestApp207690,12
1697,Bumbledore,207710,ValveTestApp207710,3
1698,Arena Wars 2,207730,ValveTestApp207730,17
1701,Sacred Citadel,207930,,71
1707,Avernum: Escape From the Pit,208400,ValveTestApp208400,2
1711,Omerta - City of Gangsters,208520,ValveTestApp208520,11
1713,Lunar Flight,208600,ValveTestApp208600,7
1714,Midnight Mysteries: Salem Witch Trials,208620,,3
1715,Midnight Mysteries 3: Devil on the Mississippi,208630,ValveTestApp208630,2
1719,Colour Bind,208710,ValveTestApp208710,8
1721,Apotheon,208750,Apotheon,8
1724,Drunken Robot Pornography,209060,ValveTestApp209060,19
1730,Stealth Bastard Deluxe,209190,ValveTestApp209190,19
1737,Mini Motor Racing EVO,209520,ValveTestApp209520,16
1738,Strike Suit Zero,209540,ValveTestApp209540,63
1739,Roller Coaster Rampage,209610,ValveTestApp209610,13
1740,Magrunner: Dark Pulse,209630,,9
1743,Cortex Command,209670,Cortex Command,9
1744,Fieldrunners,209690,Fieldrunners,4
1750,Highborn,209850,ValveTestApp209850,26
1751,Blacklight: Retribution,209870,ValveTestApp209870,36
1752,Triple Town,209950,ValveTestApp209950,6
1756,Angry Birds Space,210550,ValveTestApp210550,43
1757,Sanctum 2,210770,ValveTestApp210770,28
1759,Rune Classic,210950,ValveTestApp210950,11
1760,The Witness,210970,,1
1764,Viking: Battle for Asgard,211160,ValveTestApp211160,7
1776,They Bleed Pixels,211260,,30
1777,Primal Fears,211280,ValveTestApp211280,8
1779,Offspring Fling!,211360,Offspring Fling!,3
1784,Wanderlust: Rebirth,211580,ValveTestApp211580,14
1789,Starbound,211820,Starbound - Unstable,15
1795,Star Conflict,212070,ValveTestApp212070,26
1796,Sugar Cube: Bittersweet Factory,212110,,27
1806,FTL: Faster Than Light,212680,,3
1808,New Star Soccer 5,212780,ValveTestApp212780,9
1822,Rigonauts,214100,Rigonauts,2
1823,Aerofly FS 1 Flight Simulator,214130,Aerofly FS,12
1826,Minimum,214190,Minimum,17
1830,Tower Wars,214360,,57
1831,Gear Up,214420,Gear Up,118
1832,Alien: Isolation,214490,ValveTestApp214490,63
1834,Eets Munchies,214550,Eets Munchies,4
1835,Mark of the Ninja,214560,ValveTestApp214560,9
1842,Guacamelee! Gold Edition,214770,ValveTestApp214770,10
1843,The Basement Collection,214790,ValveTestApp214790,13
1847,Air Conflicts: Pacific Carriers,214910,ValveTestApp214910,7
1850,WAKFU,215080,Wakfu,38
1857,Primal Carnage,215470,ValveTestApp215490,35
1863,Zeno Clash 2,215690,ValveTestApp215690,13
1864,Fieldrunners 2,215710,ValveTestApp215710,10
1870,Tiny Troopers,216110,,7
1871,Gemini Wars,216130,ValveTestApp216130,12
1874,Don Bradman Cricket 14,216260,Don Bradman Cricket 14,3
1879,Blood Bowl: Chaos Edition,216890,ValveTestApp216890,11
1880,Of Orcs And Men,216910,,22
1885,Rise of the Triad,217140,ValveTestApp217140,50
1889,Anna - Extended Edition,217690,,8
1891,Dogfight 1942,217790,ValveTestApp217790,17
1904,PAYDAY 2,218620,PAYDAY 2,556
1906,iBomber Attack,218660,ValveTestApp218660,5
1907,Scribblenauts Unlimited,218680,ValveTestApp218680,17
1914,Hotline Miami,219150,ValveTestApp219150,13
1915,Ultratron,219190,ValveTestApp219190,6
1916,Droid Assault,219200,ValveTestApp219200,3
1917,The Banner Saga: Factions,219340,The Banner Saga Beta,19
1919,Chivalry: Medieval Warfare,219640,ValveTestApp219640,113
1938,Cargo Commander,220460,ValveTestApp220460,11
1941,Chaos on Deponia,220740,ValveTestApp220740,9
1942,Thomas Was Alone,220780,ValveTestApp220780,17
1945,Jack Lumber,220900,ValveTestApp220900,5
1947,CRYENGINE,220980,ValveTestApp220980,9
1949,Resident Evil 6 / Biohazard 6,221040,ValveTestApp221040,18
1961,The Stanley Parable,221910,ValveTestApp221910,23
1962,Puddle,222140,,6
1966,THE KING OF FIGHTERS 2002 UNLIMITED MATCH,222440,,7
1967,Resident Evil Revelations / Biohazard Revelations,222480,ValveTestApp222480,6
1974,Aarklash: Legacy,222640,Aarklash: Legacy,22
1975,Retro/Grade,222660,ValveTestApp222660,4
1976,Reus,222730,,43
1979,THE KING OF FIGHTERS XIII STEAM EDITION,222940,ValveTestApp222940,35
1981,7 Wonders: Ancient Alien Makeover,223000,ValveTestApp223000,2
1986,Perpetuum,223410,Perpetuum,15
1991,Miasmata,223510,ValveTestApp223510,7
1995,Cry of Fear,223710,ValveTestApp223710,2
2000,3DMark,223850,ValveTestApp223850,37
2002,LocoCycle,224040,ValveTestApp224040,5
2012,Octodad: Dadliest Catch,224480,Octodad: Dadliest Catch Beta,27
2017,Clockwork Empires,224740,Clockwork Empires,13
2028,Brothers - A Tale of Two Sons,225080,ValveTestApp225080,10
2029,Shadow Warrior Classic Redux,225160,Shadow Warrior Complete,13
2031,Full Mojo Rampage,225280,Full Mojo Rampage,12
2035,Cities in Motion 2,225420,ValveTestApp225420,5
2043,Escape Dead Island,226560,Project Mercury,23
2044,F1 2014,226580,F1 2014,23
2048,Monster Loves You!,226740,ValveTestApp226740,4
2051,Age of Wonders III,226840,Age of Wonders III,20
2052,Galactic Civilizations III,226860,Super Secret Project 1,47
2055,Primordia,227000,ValveTestApp227000,3
2057,Hegemony Rome: The Rise of Caesar,227060,ValveTestApp227060,22
2058,Papo & Yo,227080,,6
2059,Sniper Elite: Nazi Zombie Army,227100,ValveTestApp227100,9
2060,Kinetic Void,227160,,1
2062,Waking Mars,227200,ValveTestApp227200,6
2063,Sang-Froid - Tales of Werewolves,227220,,11
2066,Euro Truck Simulator 2,227300,Euro Truck Simulator 2,57
2069,Darkfall Unholy Wars,227400,,14
2076,Serious Sam Classics: Revolution,227780,ValveTestApp227780,57
2077,Retrovirus,227800,ValveTestApp227800,2
2078,Castle Story,227860,,10
2085,Remember Me,228300,ValveTestApp228300,16
2086,A Valley Without Wind 2,228320,ValveTestApp228320,18
2089,Cubemen 2,228440,ValveTestApp228440,11
2094,Skulls of the Shogun,228960,ValveTestApp228960,13
2101,A Fistful of Gun,229810,,11
2103,Joe Danger,229890,ValveTestApp229890,12
2107,The Age of Decadence,230070,The Age of Decadence,28
2108,Incredipede,230150,ValveTestApp230150,5
2109,War for the Overworld,230190,War for the Overworld Bedrock Beta,49
2110,Divinity: Original Sin (Classic),230230,Divinity Original Sin,24
2115,Warframe,230410,Warframe,24
2116,Lords of Football,230650,ValveTestApp230650,11
2120,The Night of the Rabbit,230820,ValveTestApp230820,9
2122,Cannon Brawl,230860,ValveTestApp230860,35
2125,Beatbuddy: Tale of the Guardians,231040,ValveTestApp231040,27
2128,The Swapper,231160,,3
2131,MirrorMoon EP,231310,Mirror Moon EP,9
2132,Deadfall Adventures,231330,ValveTestApp231780,15
2136,Leisure Suit Larry in the Land of the Lounge Lizards: Reloaded,231910,,8
2139,Eador. Masters of the Broken World,232050,ValveTestApp232050,31
2142,SolForge,232450,ValveTestApp232450,6
2143,Mars: War Logs,232750,ValveTestApp232750,10
2145,Broken Age,232790,Broken Age,16
2149,Bridge Project,232950,ValveTestApp232950,8
2150,Thunder Wolves,232970,,12
2154,Final Exam,233190,ValveTestApp233190,28
2155,Air Conflicts: Vietnam,233210,Air Conflicts: Vietnam,2
2156,Kairo,233230,ValveTestApp233230,6
2160,Avadon 2: The Corruption,233310,Avadon 2: The Corruption,2
2164,Prison Architect,233450,Prison Architect,7
2166,Lunnye Devitsy,233510,,4
2169,Distance,233610,Distance,32
2171,Sword of the Stars: The Pit,233700,ValveTestApp233700,25
2175,Worms Clan Wars,233840,Worms Clan Wars,10
2178,Gear Up,214420,Gear Up,118
2180,Castlevania: Lords of Shadow - Ultimate Edition,234080,ValveTestApp234080,17
2182,Mad Max,234140,BlackJack,32
2183,Strike Suit Infinity,234160,ValveTestApp234160,7
2185,Zack Zero,234290,ValveTestApp234290,3
2189,Teleglitch: Die More Edition,234390,ValveTestApp234390,25
2195,NARUTO SHIPPUDEN: Ultimate Ninja STORM 3 Full Burst,234670,,19
2196,Poker Night 2,234710,ValveTestApp234710,4
2200,The 39 Steps,234940,,4
2203,Super Sanctum TD,235250,ValveTestApp235250,14
2204,Original War,235320,Original War,5
2209,METAL GEAR RISING: REVENGEANCE,235460,Metal Gear Rising,11
2210,Warhammer: End Times - Vermintide,235540,Warhammer: End Times - Vermintide,41
2214,Cubetractor,235720,ValveTestApp235720,8
2216,Audiosurf 2,235800,Audiosurf 2,6
2217,Element4l,235820,ValveTestApp235820,9
2219,Tetrobot and Co.,235980,ValveTestApp235980,19
2220,Bloxitivity,236010,Bloxitivity,7
2221,Dust: An Elysian Tail,236090,ValveTestApp236090,7
2222,Dungeon Defenders II,236110,ValveTestApp236110,22
2224,Starpoint Gemini 2,236150,ValveTestApp236150,31
2225,Cranky Cat,236290,,3
2226,Interstellar Marines,236370,ValveTestApp236370,66
2227,War Thunder,236390,War Thunder,7
2234,Blood Bowl 2,236690,Blood Bowl 2,20
2235,Anomaly 2,236730,ValveTestApp236730,32
2237,Europa Universalis IV,236850,ValveTestApp222260,87
2240,Blackwell Epiphany,236930,Blackwell Epiphany,4
2242,Mortal Kombat Komplete Edition,237110,,24
2244,Frozen Cortex,237350,Frozen Cortex,5
2246,Expeditions: Conquistador,237430,ValveTestApp237430,13
2252,Angry Video Game Nerd Adventures,237740,Angry Video Game Nerd Adventures,11
2253,Intake,237760,Intake,14
2254,Dreamfall Chapters,237850,,11
2255,Planet Explorers,237870,Planet Explorers,9
2257,Transistor,237930,Transistor,16
2259,Memento Mori 2,237970,Memento Mori 2,4
2264,Sniper Elite 3,238090,Sniper Elite 3,29
2266,Edge of Space,238240,Edge of Space,29
2267,Pinball Arcade,238260,ValveTestApp238260,66
2270,Magicka 2,238370,Magicka 2,34
2273,Super Puzzle Platformer Deluxe,238530,,15
2274,Fist Puncher,238630,,20
2277,Skyward Collapse,238890,,3
2278,Bionic Dues,238910,Bionic Dues,10
2283,Samurai Gunn,239090,Samurai Gunn,14
2287,Amnesia: A Machine for Pigs,239200,,2
2289,Castlevania: Lords of Shadow 2,239250,Castlevania: Lords of Shadow 2,22
2290,Spelunky,239350,ValveTestApp239350,7
2293,Gun Monkeys,239450,Gun Monkeys,15
2294,Soldier Front 2,239660,Soldier Front 2,12
2295,Hate Plus,239700,Hate Plus,14
2298,Game Dev Tycoon,239820,Game Dev Tycoon,22
2300,Panzar,240320,Panzar,6
2303,Quadrilateral Cowboy,240440,Quadrilateral Cowboy,30
2310,Contraption Maker,241240,Contraption Maker,13
2312,Ittle Dew,241320,Ittle Dew,6
2313,CastleStorm,241410,CastleStorm,15
2316,Rogue Legacy,241600,Rogue Legacy,13
2320,Guncraft,241720,GreenlightApp0,23
2321,Kill to Collect,241760,On Your Mark,55
2323,Goodbye Deponia,241910,Goodbye Deponia,10
2327,Joe Danger 2: The Movie,242110,ValveTestApp215260,29
2328,Vector Thrust,242130,ValveTestApp242130,15
2329,The Chaos Engine,242530,The Chaos Engine,19
2332,Styx: Master of Shadows,242640,Styx,17
2333,Nuclear Throne,242680,Nuclear Throne,3
2334,Injustice: Gods Among Us Ultimate Edition,242700,Cronus,17
2335,GunZ 2: The Second Duel,242720,GunZ 2: The Second Duel,37
2336,The Forest,242760,The Forest,11
2340,In Verbis Virtus,242840,In Verbis Virtus,26
2341,Verdun,242860,,21
2343,Banished,242920,Banished,3
2351,Betrayer,243120,Betrayer,13
2353,Mushroom 11,243160,Mushroom 11,21
2354,Memoria,243200,Memoria,9
2355,FRACT OSC,243220,FRACT OSC,6
2363,Gas Guzzlers Extreme,243800,Gas Guzzlers Extreme,78
2366,Bound By Flame,243930,Bound By Flame,12
2367,Divinity: Dragon Commander,243950,Divinity: Dragon Commander,19
2369,Take On Mars,244030,Take On Mars,13
2370,Rise of Flight United,244050,Rise of Flight 2.0,17
2373,Homeworld Remastered Collection,244160,Hickory,20
2376,realMyst: Masterpiece Edition,244430,realMyst 2013,16
2378,Epigenesis,244590,Epigenesis (Alpha),14
2380,Face Noir,244690,Face Noir,15
2382,Divekick,244730,Divekick,5
2384,Foul Play,244810,Foul Play,6
2387,Electronic Super Joy,244870,Greenlight0,16
2393,SpellForce 2 - Demons of the Past,245050,SpellForce 2 - Demons of the Past,15
2395,Skullgirls,245170,ValveTestApp208610,15
2398,Etherium,245370,,29
2405,Tropico 5,245620,Tropico 5,11
2410,MASSIVE CHALICE,246110,MASSIVE CHALICE,5
2415,The Typing of The Dead: Overkill,246580,Typing of the Dead: Overkill,12
2416,Plague Inc: Evolved,246620,Plague Inc.,116
2419,Wayward Manor,246720,Wayward Manor,25
2421,Legends of Eisenwald,246760,,10
2425,Recruits,246880,Recruits,3
2426,Viscera Cleanup Detail,246900,Viscera Cleanup Detail,31
2427,Bombernauts,246920,,15
2428,Lords of the Black Sun,246940,UntitledApp0,11
2429,Giana Sisters: Twisted Dreams - Rise of the Owlverlord,246960,Giana Sisters: Twisted Dreams - Rise of the Owlverlord,11
2431,Talisman: Digital Edition,247000,Talisman,96
2433,Crypt of the NecroDancer,247080,,37
2435,Soundodger+,247140,Soundodger,4
2436,Volgarr the Viking,247240,Volgarr the Viking,8
2440,Mutant Mudds Deluxe,247370,UntitledApp0,3
2446,Redshirt,247870,Redshirt,9
2447,Sniper Elite: Nazi Zombie Army 2,247910,Sniper Elite: Nazi Zombie Army 2,23
2450,Knytt Underground,248190,UntitledApp0,6
2452,Reach for the Sun,248290,Reach for the Sun,7
2453,Freedom Planet,248310,Freedom Planet,8
2454,Dino Run DX,248330,Dino Run DX,6
2457,Craft The World,248390,Craft The World,33
2458,Legends of Aethereus,248410,Legends of Aethereus,11
2459,Salvation Prophecy,248450,UntitledApp0,6
2460,Doorways: Prelude,248470,Doorways,12
2461,1953 - KGB Unleashed,248490,1953 - KGB Unleashed,4
2464,Megabyte Punch,248550,Megabyte Punch,26
2465,Toribash,248570,UntitledApp,31
2467,Kingdoms Rise,248630,Kingdoms Rise,31
2469,Iesabel,248710,Iesabel,20
2470,A Walk in the Dark,248730,A Walk in the Dark,11
2471,Dysfunctional Systems: Learning to Manage Chaos,248800,Dysfunctional Systems: Learning to Manage Chaos,4
2477,Ancient Space,249190,Creative Forge App,26
2478,Risen 3 - Titan Lords,249230,Risen 3,11
2484,Teslagrad,249590,CalebTest,5
2485,Galactic Arms Race,249610,ValveTestApp60900,22
2487,Blackguards,249650,Blackguards,7
2491,Forge Quest,249950,Forge Quest,25
2495,TorqueL,250070,,3
2496,Assault Android Cactus,250110,Assault Android Cactus,10
2497,METAL SLUG 3,250180,Metal Slug 3,15
2501,The Wolf Among Us,250320,The Wolf Among Us,7
2502,Blockland,250340,Blockland,7
2504,Knock-knock,250380,Knock-knock,4
2505,How to Survive,250400,How to Survive,37
2506,8BitMMO,250420,8BitMMO,4
2511,Fight The Dragon,250560,,8
2512,Paranautical Activity: Deluxe Atonement Edition,250580,,2
2515,Croixleur Sigma,250640,Croixleur,24
2516,Bunny Must Die! Chelsea and the 7 Devils,250660,Bunny Must Die,26
2520,The Binding of Isaac: Rebirth,250900,The Binding of Isaac Rebirth,24
2523,INFRA,251110,INFRA,66
2524,Chroma Squad,251130,,11
2528,Livelock,251230,UntitledApp,22
2529,Corpse Party,251270,Corpse Party,8
2533,Call of Cthulhu: The Wasted Land,251390,UntitledApp,4
2534,Dark Matter,850250,Dark Matter,2
2535,The Inner World,251430,UntitledApp,5
2536,TowerFall Ascension,251470,TowerFall Ascension,24
2539,Anomaly Korea,251530,UntitledApp,15
2540,7 Days to Die,251570,7 Days to Die,17
2542,The Impossible Game,251630,UntitledApp,10
2544,Chainsaw Warrior,251710,UntitledApp,35
2545,Legend of Grimrock 2,251730,Legend of Grimrock 2,18
2550,Master Reboot,251850,UntitledApp,10
2551,Go! Go! Nippon! ~My First Trip to Japan~,251870,Go! Go! Nippon! ~My First Trip to Japan~,4
2552,World of Diving,251890,World of Diving,23
2553,Solar Flux,251910,Solar Flux,5
2554,Long Live The Queen,251990,UntitledApp,6
2556,Valdis Story: Abyssal City,252030,Valdis Story: Abyssal City,30
2559,Lovers in a Dangerous Spacetime,252110,,20
2562,Anomaly Warzone Earth Mobile Campaign,252170,UntitledApp,8
2564,YAIBA: NINJA GAIDEN Z,252230,UntitledApp,6
2568,Syder Arcade,252310,Syder Arcade,9
2569,Slender: The Arrival,252330,UntitledApp,13
2571,The Shivah,252370,UntitledApp,3
2572,SteamWorld Dig,252410,UntitledApp,33
2574,StarDrive 2,252450,StarDrive 2,7
2578,Qbeh-1: The Atlas Cube,252550,Qbeh-1: The Atlas Cube,21
2579,Depths of Fear :: Knossos,252570,Depths of Fear :: Knossos,9
2580,Death Road to Canada,252610,Death Road to Canada,8
2582,Nihilumbra,252670,Nihilumbra,17
2584,The Last Express Gold Edition,252710,UntitledApp,3
2586,MouseCraft,252750,MouseCraft,19
2591,Dracula: Love Kills,252890,Dracula: Love Kills,4
2594,McDROID,252970,McDROID,39
2595,Race The Sun,253030,Race The Sun,10
2596,The Cat Lady,253110,UntitledApp,5
2599,Kingdom Wars 2: Battles,253190,Kingdom Wars 2: Battles,3
2602,FOTONICA,253290,FOTONICA,9
2603,Fester Mudd: Curse of the Gold - Episode 1,253310,UntitledApp,8
2604,Neverending Nightmares,253330,Neverending Nightmares,14
2605,Tiny Barbarian DX,253350,Tiny Barbarian DX,9
2607,Hot Tin Roof: The Cat That Wore A Fedora,253390,UntitledApp,17
2609,CastleMiner Z,253430,UntitledApp,10
2614,Steam Marines,253630,Steam Marines,5
2615,Sparkle 2 Evo,253650,Sparkle 2: EVO,4
2617,Tiny Brains,253690,Tiny Brains,8
2621,rymdkapsel,253790,rymdkapsel,5
2636,Obscure,254460,Obscure,13
2638,Theme Park Studio,254590,Theme Park Studio,2
2641,resident evil 4 / biohazard 4,254700,Resident Evil Test,9
2648,Echo Prime,255030,Upcoming Robot Ent Game,4
2649,Abyss Odyssey,255070,Abyss Odyssey,13
2651,GRID Autosport,255220,RP8,15
2652,Pro Cycling Manager 2014,255260,,3
2653,1954 Alcatraz,255280,1954 Alcatraz,5
2656,Escape Goat 2,255340,Escape Goat 2,10
2657,KickBeat Steam Edition,255370,KickBeat,25
2662,Viscera Cleanup Detail: Shadow Warrior,255520,Viscera Cleanup Detail: Shadow Warrior,4
2663,Cities: Skylines,255710,Colossal Order Game,45
2668,Jagged Alliance Flashback,256010,,4
2671,Truck Racer,256070,Truck Racer,3
2672,Enemy Front,256190,Enemy Front,3
2673,Child of Light,256290,Child of Light,3
2682,Project Nimbus,257030,Project Nimbus,3
2684,Not The Robots,257120,Not The Robots,7
2685,Rebuild 3: Gangs of Deadsville,257170,,8
2687,Inherit the Earth: Quest for the Orb,257260,Night Dive Test Game,7
2692,Blast Em!,257630,Blast Em!,10
2695,J.U.L.I.A.: Among the Stars,257690,J.U.L.I.A.: Among the Stars,16
2699,Signal Ops,257770,UntitledApp,7
2700,Riptide GP2,257790,,6
2702,Hyper Light Drifter,257850,Hyper Light Drifter,8
2706,Loren The Amazon Princess,257970,UntitledApp,5
2707,Oozi: Earth Adventure,257990,Oozi: Earth Adventure,11
2712,99 Spirits,258090,99 Spirits,65
2713,Deus Ex: The Fall,258180,Deus Ex: The Fall,9
2715,Blood Knights,213270,,7
2717,The Vanishing of Ethan Carter,258520,,12
2722,Type:Rider,258890,Type Rider,11
2723,Citizens of Earth,258910,,5
2729,Just Cause 2: Multiplayer Mod,259080,Just Cause 2: Multiplayer Mod,31
2737,Zigfrak,259430,Zigfrak,4
2740,Beast Boxing Turbo,259490,Beast Boxing Turbo,3
2741,Shufflepuck Cantina Deluxe,259510,Shufflepuck Cantina Deluxe,10
2742,Savant - Ascent,259530,Savant - Ascent,9
2747,Guise Of The Wolf,259640,UntitledApp,2
2757,OMG Zombies!,259870,OMG Zombies,3
2773,Blood of the Werewolf,260250,Blood of the Werewolf,8
2777,Ninja Cats vs Samurai Dogs,260380,Ninja Cats vs Samurai Dogs,7
2778,Get Off My Lawn!,260410,Get Off My Lawn,10
2779,The Four Kings Casino and Slots,260430,,29
2789,1001 Spikes,260790,1001 Spikes,7
2796,Distant Worlds: Universe,261470,Distant Worlds: Universe,8
2797,Bedlam,261490,Bedlam,36
2801,Basketball Pro Management 2014,261600,Basketball Pro Manager 2014,4
2802,Borderlands: The Pre-Sequel,261640,Cork,53
2805,Holy Avatar vs. Maidens of the Dead,261720,Holy Avatar vs. Maidens of the Dead,6
2806,Humans Must Answer,261740,Humans Must Answer,8
2807,Lichdom: Battlemage,261760,Lichdom: Redeemer,45
2809,The Real Texas,261900,The Real Texas,6
2817,Toy Soldiers: Complete,262120,Toy Soldiers: Complete,8
2819,Zombeer,262190,Zombeer,3
2820,Last Knight: Rogue Rider Edition,262210,Last Knight: Rogue Rider Edition,44
2826,World of Guns: Gun Disassembly,262410,World of Guns: Gun Disassembly,28
2828,Rollers of the Realm,262470,Rollers Of The Realm,17
2831,Gunman Clive,262550,Gunman Clive,4
2832,Chucks Challenge 3D,262590,Chucks Challenge 3D,8
2833,Liquid Rhythm,262610,Liquid Rhythm Intro,6
2836,Little Racers STREET,262690,Little Racers STREET,12
2838,Freedom Fall,262770,UntitledApp,7
2839,Our Darker Purpose,262790,,10
2840,Crimsonland,262830,UntitledApp,20
2843,Smooth Operators,262900,Smooth Operators,4
2846,Castle In The Darkness,262960,UntitledApp,3
2848,STARWHAL,263020,Starwhal: Just the Tip,15
2849,Bot Colony,263040,Bot Colony,23
2850,Blockstorm,263060,,24
2851,Pixel Boy and the Ever Expanding Dungeon,263080,UntitledApp,7
2852,9.03m,263100,9.03m,4
2856,Signs of Life,263200,Signs of Life,17
2859,Saturday Morning RPG,263320,Saturday Morning RPG,9
2862,Driftmoon,263380,Driftmoon,6
2864,Probably Archery,263420,Probably Archery,7
2865,Girls Like Robots,263460,Girls Like Robots,11
2866,Final Rush,263480,Final Rush,13
2867,Dragons and Titans,263500,Dragons and Titans,8
2870,Paper Sorcerer,263560,UntitledApp,6
2873,CDF Ghostship,263640,,4
2874,Unearthed: Trail of Ibn Battuta - Episode 1 - Gold Edition,263680,UntitledApp,2
2875,Muffin Knight,263700,Muffin Knight,12
2876,FootLOL: Epic Fail League,263740,UntitledApp,4
2879,EvilQuest,263820,EvilQuest,19
2880,SPACECOM,263860,SPACECOM,10
2881,Aqua Kitty - Milk Mine Defender,263880,Aqua Kitty - Milk Mine Defender,27
2882,Zombie Grinder,263920,Zombie Grinder,18
2885,Out There Somewhere,263980,ValveTestApp232850,23
2886,Son of Nor,264000,Son of Nor,11
2887,Geekbench 3,264020,Geekbench 3,16
2888,Full Bore,264060,Full Bore,8
2891,Pixel Piracy,264140,Pixel Piracy,12
2892,WazHack,264160,WazHack,5
2893,One Finger Death Punch,264200,UntitledApp,7
2896,Global Outbreak: Doomsday Edition,264260,UntitledApp,12
2900,Major Mayhem,264340,Major Mayhem,5
2902,Narcissu 1st & 2nd,264380,Narcissu 1st & 2nd,3
2903,Jacob Jones and the Bigfoot Mystery : Episode 1,264400,Jacob Jones and the Bigfoot Mystery,9
2905,Children of Liberty,264440,UntitledApp,2
2909,Platformines,264540,Platformines,4
2914,Deadly 30,264730,Deadly 30,6
2915,FORCED SHOWDOWN,265000,FORCED 2: The Rush,9
2916,Meridian: New World,265120,Merdian: New World,21
2919,Crazy Machines: Golden Gears,265240,Crazy Machines: Golden Gears,2
2922,Grimind,265380,Grimind,4
2923,Even the Ocean,265470,Even the Ocean,8
2926,The Red Solstice,265590,UntitledApp,90
2928,Fistful of Frags,265630,Fistful of Frags,46
2931,Secret Ponchos,265750,UntitledApp,27
2932,Cannons Lasers Rockets,265770,UntitledApp,20
2933,Residue: Final Cut,265790,Residue,7
2937,Hexcells,265890,HexCells,2
2939,Ether One,265950,Ether One,6
2940,Worlds of Magic,265970,,14
2942,LYNE,266010,LYNE,4
2947,Tower of Guns,266110,Tower of Guns,11
2950,Windforge,266170,Windforge,9
2956,Helicopter Simulator 2014: Search and Rescue,266290,Helicopter Simulator: Search and Rescue,6
2957,GameGuru,266310,FPS Creator Reloaded,9
2960,Farm for your Life,266390,Farm for your Life,5
2962,Anarchy Arcade,266430,,49
2968,Age of Mythology: Extended Edition,266840,Age of Mythology EX,34
2971,Gravity Badgers,267060,Gravity Badgers,11
2982,Shadowrun Chronicles - Boston Lockdown,267750,,17
2989,Heat Signature,268130,Heat Signature,7
2990,Antisquad,268200,Antisquad,31
2992,Mechanic Escape,268240,Mechanic Escape,9
2995,High Strangeness,268340,High Strangeness,13
2996,Krautscape,268360,Krautscape,15
2997,Panzer Corps,268400,,6
3000,Orc Attack: Flatulent Rebellion,268520,Orc Attack,6
3001,The Whispered World Special Edition,268540,The Whispered World Special Edition,6
3005,Magicite,268750,,3
3009,Satellite Reign,268870,,22
3011,Malevolence: The Sword of Ahkranox,268930,Malevolence: The Sword of Ahkranox,16
3013,Science Girls,269010,Science Girls,4
3015,Year Walk,269050,UntitledApp,8
3016,Super Motherload,269110,UntitledApp,5
3024,Infectonator : Survivors,269310,Infectonator : Survivors,8
3026,Montas,269350,Montas,3
3027,Reaper - Tale of a Pale Swordsman,269370,UntitledApp,10
3028,Burning Cars,269430,Burning Cars,14
3029,MorphVOX Pro - Voice Changer,269470,MorphVOX Pro - Voice Changer,2
3030,Bardbarian,269490,Bardbarian,7
3036,A Mass of Dead,269630,UntitledApp,22
3037,Dex,269650,UntitledApp,9
3038,BADLAND: Game of the Year Edition,269670,,10
3039,RymdResa,269690,,13
3040,Tumblestone,269710,Tumblestone,5
3042,Secrets of Grindea,269770,Secrets of Grindea,6
3044,Spate,269810,Spate,6
3046,Infinite Space III: Sea of Stars,269990,Infinite Space III: Sea of Stars,5
3047,Time Rifters,270010,Time Rifters,18
3049,Quest of Dungeons,270050,UntitledApp,22
3050,The Girl and the Robot,270070,The Girl and the Robot,5
3053,The Gallery - Episode 1: Call of the Starseed,270130,The Gallery: Six Elements,25
3054,RUNNING WITH RIFLES,270150,RUNNING WITH RIFLES,9
3058,Prominence,270230,Prominence,7
3059,Frozen State,270270,Frozen State,16
3061,Ku: Shroud of the Morrigan,270330,UntitledApp,13
3063,Cypress Inheritance: The Beginning,270430,Cypress Inheritance: The Beginning,11
3064,Robot Roller-Derby Disco Dodgeball,270450,UntitledApp,74
3065,The Forest of Doom,270490,UntitledApp,3
3066,EPOCH,270510,EPOCH,6
3067,Yet Another Zombie Defense,270550,Yet Another Zombie Defense,7
3075,Jones On Fire,270810,Jones On Fire,5
3078,American Truck Simulator,270880,American Truck Simulator,43
3079,Worms World Party Remastered,270910,Worms World Party,13
3081,Offworld Trading Company,271240,Offworld Trading Company,148
3083,Industry Giant 2,271360,Industry Giant,13
3084,Transport Giant,271370,Transport Giant,5
3086,Tribloos 2,271550,Tribloos 2,4
3087,Space Farmers,271570,Space Farmers,11
3088,Grand Theft Auto V,271590,,23
3089,Humanity Asset,271640,Humanity Asset,5
3093,Card City Nights,271820,Card City Nights,7
3095,Hexcells Plus,271900,Hexcells Plus,2
3096,Worlds Adrift Island Creator,271920,Time To Live,8
3097,Hero and Daughter+,271970,Hero and Daughter,7
3099,Aveyond 3-1: Lord of Twilight,272010,Aveyond Lord of Twilight,6
3103,Torment: Tides of Numenera,272270,Torment: Tides of Numenera,4
3105,Shadow Blade: Reload,272330,Shadow Blade: Reload,12
3107,NARUTO SHIPPUDEN: Ultimate Ninja STORM Revolution,272510,NARUTO SHIPPUDEN: ULTIMATE NINJA STORM REVOLUTION,26
3109,Vertiginous Golf,272890,,6
3112,Pro Rugby Manager 2015,273030,Pro Rugby Manager 2014,16
3113,The Last Federation,273070,The Last Federation,11
3114,Counter-Strike Nexon: Zombies,273110,Counter Strike Online,37
3116,Evolve Stage 2,273350,ValveTestApp203190,29
3117,Over 9000 Zombies!,273500,Over 9000 Zombies!,30
3121,Extreme Roads USA,273740,Extreme Roads USA,5
3126,Forestry 2017 - The Simulation,273800,Forestry 2017 - The Simulation,10
3128,Aviator - Bush Pilot,273830,,8
3134,Ship Simulator: Maritime Search and Rescue,274010,Ship Simulator: Maritime Search and Rescue,7
3136,Hotline Miami 2: Wrong Number,274170,,14
3137,Broforce,274190,Broforce,12
3141,Gods Will Be Watching,274290,,3
3143,Dropsy,274350,Dropsy,9
3147,Darkwood,274520,Darkwood,17
3149,868-HACK,274700,,2
3150,Jet Car Stunts,274880,Jet Car Stunts,3
3151,Murder Miners,274900,UntitledApp,14
3152,FaceRig,274920,FaceRig,15
3155,Influent,274980,,10
3159,Shelter 2,275100,Shelter 2,11
3160,Costume Quest 2,275180,Costume Quest 2,7
3161,Westerado: Double Barreled,275200,Westerado,31
3162,Graviteam Tactics: Operation Star,275290,Graviteam Tactics: Operation Star,2
3166,Guacamelee! Super Turbo Championship Edition,275390,DrinkBox,5
3168,Canyon Capers,275490,Canyon Capers,9
3169,Z Steel Soldiers,275510,Z2,20
3186,Tango Fiesta,276730,,4
3191,FATE: Undiscovered Realms,276890,FATE: Undiscovered Realms,9
3196,VIDEOBALL,277390,VIDEOBALL,10
3197,Halo: Spartan Assault,277430,Project_Bitterball,9
3200,The Book of Legends,277470,The Book of Legends,3
3201,Battle Group 2,277490,Battlegroup,5
3203,Shiny The Firefly,277510,Shiny The Firefly,5
3204,Albedo: Eyes from Outer Space,277520,Albedo: Eyes from Outer Space,51
3211,On Rusty Trails,277700,,22
3214,Diehard Dungeon,277870,Diehard Dungeon,12
3223,A Story About My Uncle,278360,,12
3224,Spider: Rite of the Shrouded Moon,278420,Spider: Rite of the Shrouded Moon,5
3225,0RBITALIS,278440,0RBITALIS,19
3226,Skyborn,278460,Skyborn,4
3228,JUDGEMENT SILVERSWORD - Resurrection -,278510,TEST JSS,5
3233,TinyKeep,278620,TinyKeep,8
3234,Terrian Saga: KR-17,278640,KR-17,18
3237,Angvik,278890,,3
3241,9th Dawn II,279070,9th Dawn II,2
3243,Ultionus: A Tale of Petty Revenge,279160,Ultionus: A Tale of Petty Revenge,6
3249,Abalone,279480,Abalone,11
3251,Rage Runner,279520,Dead Effect,13
3258,Grim Legends 2: Song of the Dark Swan,279800,Deadlings,7
3259,Soul Axiom,279900,Soul Axiom,32
3260,Infinity Runner,279920,Infinity Runner,14
3262,Bridge Constructor Playground,279990,Bridge Constructor Playground,8
3263,Gunjitsu,280010,Gunjitsu,17
3266,Aragami,280160,Twin Souls: The Path of Shadows,21
3269,Creeper World 3: Arc Eternal,280220,UntitledApp,26
3270,Adventurer Manager,280320,Adventurer Manager,17
3271,Interstellaria,280360,Interstellaria,10
3273,Pulstar,280460,UntitledApp,4
3274,KRUNCH,280500,,35
3276,GhostControl Inc.,280540,GhostControl Inc.,15
3277,Danmaku Unlimited 2,280560,Danmaku Unlimited 2,4
3278,BloodLust Shadowhunter,280600,UntitledApp,25
3281,Imagine Earth,280720,Imagine Earth,16
3283,Foosball - Street Edition,280830,UntitledApp,7
3285,T.E.C. 3001,280910,UntitledApp,12
3286,Battlepillars Gold Edition,280930,Battlepillars,18
3301,Homeworld: Deserts of Kharak,281610,Cherry,70
3302,The Banner Saga 2,281640,The Banner Saga 2,38
3304,Munin,281750,Munin,7
3305,Explodemon,281820,Explodemon,4
3311,Stellaris,281990,,25
3314,MX vs. ATV Supercross Encore,282050,,5
3315,This War of Mine,282070,This War of Mine,22
3316,Fearless Fantasy,282100,Fearless Fantasy,8
3317,SOMA,282140,SOMA,7
3321,SuperPower 2 Steam Edition,282400,SuperPower 2,4
3326,The Battle of Sol,282620,,9
3330,Organic Panic,282740,Organic Panic,7
3334,Masterspace,282860,Masterspace,6
3335,FaeVerse Alchemy,282880,FaeVerse Alchemy,7
3337,Atajrubah,282960,Atajrubah,2
3338,Strategic War in Europe,283000,Strategic War in Europe,23
3339,The Campaign Series: Fall Weiss,283020,The Campaign Series: Fall Weiss,6
3342,Super Chibi Knight,283080,Super Chibi Knight,10
3344,House of the Dying Sun,283160,Enemy Starfighter,29
3345,The Samaritan Paradox,283180,The Samaritan Paradox,4
3346,Spoiler Alert,283230,Spoiler Alert,4
3363,Salt and Sanctuary,283640,Salt and Sanctuary,11
3367,ALLTYNEX Second,283840,shooting game number 3,21
3375,Sanitarium,284050,,6
3377,Unclaimed World,284100,Unclaimed World,12
3379,BeamNG.drive,284160,BeamNG.drive,15
3381,Robot Rescue Revolution,284200,Robot Rescue Revolution,5
3382,Diadra Empty,284220,Diadra Empty,11
3388,DeadCore,284460,Deadcore,13
3389,ZAMB! Biomutant Extermination,284580,ZAMB! Biomutant Extermination,36
3391,Abyss: The Wraiths of Eden,284710,Abyss: The Wraiths of Eden,3
3392,Dark Arcana: The Carnival,284730,Dark Arcana: The Carnival,3
3393,Enigmatis: The Ghosts of Maple Creek,284750,Enigmatis: The Ghosts of Maple Creek,4
3394,Enigmatis 2: The Mists of Ravenwood,284770,Enigmatis: The Mists of Ravenwood,11
3395,Nightmares from the Deep 2: The Siren`s Call,284790,Nightmares from the Deep: The Siren`s Call,3
3396,Nightmares from the Deep 3: Davy Jones,284810,,7
3397,Clockwork Tales: Of Glass and Ink,284830,Clockwork Tales: Of Glass and Ink,6
3398,Grim Legends: The Forsaken Bride,284850,Grim Legends: The Forsaken Bride,5
3399,9 Clues: The Secret of Serpent Creek,284870,9 Clues: The Secret of Serpent Creek,6
3400,Left in the Dark: No One on Board,284890,,2
3401,Purgatory: War of the Damned,284910,,2
3405,Solarix,284990,,13
3406,Pixel Puzzles: UndeadZ,285010,Pixel Puzzles: UndeadZ,2
3408,Between Me and The Night,285070,Between Me and The Night,12
3410,GearCity,285110,GearCity,23
3418,Crimzon Clover WORLD IGNITION,285440,Crimzon Clover  WORLD IGNITION,7
3422,ACE - Arena: Cyber Evolution,285580,Project Cyber,2
3427,Enemy Mind,285840,Enemy Mind,15
3428,Gang Beasts,285900,Gang Beasts,3
3429,TerraTech,285920,TerraTech,13
3430,Q*bert: Rebooted,285960,Q*Bert: Reloaded,3
3431,Kromaia,285980,,9
3432,Dead Effect,286040,UntitledApp,10
3434,QuestRun,286120,QuestRun,3
3436,Tabletop Simulator,286160,,14
3437,ReignMaker,286200,ReignMaker,10
3438,Pier Solar and the Great Architects,286220,Pier Solar and the Great Architects,8
3439,Dog Sled Saga,286240,Dog Sled Saga,6
3440,fault - milestone one,286260,,20
3441,Steel Armor: Blaze of War,286280,Steel Armor - Blaze of War,7
3442,Oknytt,286320,,10
3452,F1 2015,286570,F1 2015,16
3454,Metro 2033 Redux,286690,Project Redux,11
3468,Wildlife Park 3,287200,Wildlife Park 3,6
3470,Toybox Turbos,287260,BDP2,13
3471,Resident Evil Revelations 2 / Biohazard Revelations 2,287290,,34
3472,Colin McRae Rally,287340,CMR-X,5
3475,Metro: Last Light Redux,287390,Project Redux Two,12
3476,Rise of Nations: Extended Edition,287450,Phoenix,29
3477,Pandora: First Contact,287580,Pandora First,19
3482,Derrick the Deathfin,287780,UntitledApp,7
3484,8-Bit Commando,287860,UntitledApp,53
3486,Mortal Online,287920,UntitledApp,29
3488,Mini Metro,287980,Mini Metro,29
3490,Rex Rocket,288020,Rex Rocket,13
3491,Actual Sunlight,288040,Actual Sunlight,5
3492,Whispering Willows,288060,Whispering Willows,10
3493,MechRunner,288100,UntitledApp,6
3494,Dungeonmans,288120,Dungeonmans,15
3495,Jack Nicklaus Perfect Golf,288140,Perfect Golf,12
3497,Backstage Pass,288220,UntitledApp,3
3498,Conflicks - Revolutionary Space Battles,288260,,58
3502,Fable Anniversary,288470,,18
3506,HTR+ Slot Car Simulation,288650,HTR+ Slot Car Simulation,6
3515,Pineview Drive,288880,Pineview Drive,2
3519,Ampu-Tea,289090,Ampu-Tea,5
3544,ROCKETSROCKETSROCKETS,289760,ROCKETSROCKETSROCKETS,17
3551,TransOcean: The Shipping Company,289930,TransOcean - The Shipping Company,26
3553,DubWars,290000,DubWars,8
3554,LogicBots,290020,LogicBots,11
3557,Life is Feudal: Your Own,290080,Life is Feudal: Your Own,10
3559,Sokobond,290260,UntitledApp,4
3561,Rebel Galaxy,290300,Rebel Galaxy,10
3562,Project Temporality,290320,Project Temporality,4
3563,Armello,290340,Armello,42
3564,Micron,290380,UntitledApp,8
3568,The Flock,290490,The Flock,18
3569,Clandestine,290530,UntitledApp,16
3574,Grey Goo,290790,Petroglyph Games Developer Test App,46
3576,Steam Squad,290870,,25
3577,You Must Build A Boat,290890,You Must Build A Boat,6
3579,Flower Shop: Summer In Fairbrook,290990,Flower Shop: Summer In Fairbrook,2
3585,Akane the Kunoichi,291130,UntitledApp,3
3587,Royal Defense,291170,Royal Defense,13
3588,Heroes of Steel RPG,291190,Heroes of Steel: Tactics RPG,14
3593,Undead Overlord,291370,Undead Overlord,22
3594,Three Dead Zed,291390,UntitledApp,12
3595,Duelyst,291410,Duelyst,9
3596,Lost Marbles,291430,Lost Marbles,17
3599,Brawlhalla,291550,Brawlhalla,5
3600,Growing Pains,291610,Growing Pains,2
3605,The Lost Crown,291710,The Lost Crown,9
3609,Firefighters 2014,291910,Firefighters 2014,6
3610,Industry Empire,291930,Industry Empire,6
3619,Crazy Plant Shop,292200,Crazy Plant Shop,5
3625,Starship Corporation,292330,Starship Corporation,8
3627,DarkEnd,292370,,2
3633,Magical Battle Festa,292480,,4
3634,Kero Blaster,292500,Kero Blaster,24
3635,Chompy Chomp Chomp,292570,Chompy Chomp Chomp,8
3636,Duet,292600,Duet,4
3648,Deponia: The Complete Journey,292910,Deponia: The Complete Journey,4
3655,Cosmochoria,293240,UntitledApp,6
3662,Elliot Quest,293440,Elliot Quest,6
3663,I Shall Remain,293460,,15
3667,Guns and Robots,293540,Guns and Robots,8
3669,TRI: Of Friendship and Madness,293660,UntitledApp,17
3670,Cinders,293680,UntitledApp,4
3672,Road Not Taken,293740,Road Not Taken,3
3673,Automation - The Car Company Tycoon Game,293760,,2
3676,Cult of the Wind,293840,Cult of the Wind,3
3677,White Noise Online,293860,White Noise Online,5
3679,Pivvot,293900,Pivvot,5
3682,Spice Road,293960,Spice Road,2
3684,Knight Squad,294000,,9
3685,Merchants of Kaidan,294020,Merchants of Kaidan,18
3690,They Breathe,294140,UntitledApp,4
3693,Millie,294230,Millie,4
3698,Fenix Rage,294460,Fenix Rage,7
3714,Anomaly Defenders,294750,Anomaly Defenders,4
3726,Defense Zone 2,295630,UntitledApp,8
3727,Hive Jump,295670,Hive Jump,34
3728,PARTICLE MACE,295690,PARTICLE MACE,39
3730,Sweezy Gunner,295730,UntitledApp,4
3731,The Floor is Jelly,295750,The Floor is Jelly,3
3733,Never Alone (Kisima Ingitchuna),295790,Never Alone (Kisima Ingitchuna),25
3734,Vlad the Impaler,295850,Vlad the Impaler,13
3735,The Dungeoning,295870,The Dungeoning,4
3737,Swipecart,295930,Swipecart,4
3740,Qasir al-Wasat: International Edition,296030,Qasir al-Wasat,7
3741,Battlepaths,296050,UntitledApp,52
3746,Farm Frenzy 4,296220,Farm Frenzy 4,2
3749,Ballistic Overkill,296300,Ballistic Overkill,46
3750,Mount Your Friends,296470,Mount Your Friends,5
3751,GemCraft - Chasing Shadows,296490,UntitledApp,8
3752,Magnetic By Nature,296510,Magnetic By Nature,7
3754,Niko: Through The Dream,296550,,9
3755,Lords of Xulima,296570,Lords of Xulima,23
3756,Draconian Wars,296590,Draconian Wars,14
3757,Kraven Manor,296630,Kraven Manor,24
3762,Jump Tanks,296810,Jump Tanks,7
3763,Lucius II,296830,,17
3765,Dreaming Sarah,296870,,17
3769,Renowned Explorers: International Society,296970,Renowned Explorers: International Society,33
3771,The Culling Of The Cows,297020,The Culling Of The Cows,3
3777,Heavy Bullets,297120,Heavy Bullets,7
3778,Titan Souls,297130,Titan Souls,14
3782,Pro Wrestling X,297310,Pro Wrestling X,2
3783,Arcadecraft,297330,Arcadecraft,9
3785,Hero of Many,297370,Hero of Many,12
3787,Trace Vector,297410,Trace Vector,22
3788,Zombies on a Plane,297450,,9
3790,Spy Chameleon - RGB Agent,297490,UntitledApp,9
3792,Monsters Ate My Birthday Cake,297590,,4
3794,Super Rad Raygun,297660,Rad Raygun,8
3796,Overruled!,297740,Overruled!,48
3804,Master of Orion,298050,Master of Orion,41
3807,Eldevin,298160,Eldevin,7
3811,Only If,298260,UntitledApp,7
3812,XenoRaptor,298280,XenoRaptor,2
3815,Immortal Defense,298360,,5
3816,Knightmare Tower,298400,UntitledApp,6
3817,Dreii,298420,Dreii,3
3819,Orbital Gear,298520,UntitledApp,10
3820,Captain Forever Remix,298560,,6
3821,Lovely Planet,298600,Lovely Planet,7
3825,Millennium 3 - Cry Wolf,298830,Millennium 3 - Cry Wolf,3
3826,Millennium 4 - Beyond Sunset,298840,Millennium 4 - Beyond Sunset,3
3827,Millennium 5 - The Battle of the Millennium,298850,,5
3836,Cosplay Maker,299090,Cosplay Maker,2
3843,European Ship Simulator,299250,,11
3845,Habitat,299340,,7
3846,Block N Load,299360,,45
3847,Masquerade: The Baubles of Doom,299380,Masquerade: The Baubles of Doom,7
3848,CubeGun,299420,CubeGun,7
3850,Woodle Tree Adventures,299460,UntitledApp,3
3851,Rogue Stormers,299480,DieselStormers,16
3853,Heroes Rise: The Prodigy,299540,Heroes Rise: The Prodigy,7
3854,Abducted,299580,Abducted,6
3857,Tengami,299680,,4
3859,Miscreated,299740,Miscreated,20
3866,ADR1FT,300060,ADR1FT,11
3877,Road Redemption,300380,Road Redemption,67
3878,Unpossible,300400,Unpossible,5
3882,Infinifactory,300570,Infinifactory,3
3883,GALAK-Z,300580,Galak-Z,18
3885,Pure Pool,300610,Pure Pool,13
3896,The Treasures of Montezuma 4,301150,,2
3897,Frederic: Resurrection of Music,301190,Frederic: Resurrection of Music,5
3898,Frederic: Evil Strikes Back,301200,Frederic: Evil Strikes Back,4
3900,SPORT1 Live : Duel,301250,SPORT1 Live : Duel,8
3904,Kill Fun Yeah,301360,Kill Fun Yeah,12
3905,Date Warp,301380,UntitledApp,2
3906,Third Eye Crime,301420,UntitledApp,4
3907,Electronic Super Joy: Groove City,301460,Electronic Super Joy Groove City,2
3909,Robocraft,301520,Robocraft,13
3911,White Night,301560,White Night,13
3930,School Bus Fun,301990,School Bus Fun,8
3945,Dungeon Defenders Eternity,302270,Dungeon Defenders Eternity,7
5569,Abyss Raiders: Uncharted,348730,Abyss raider:Uncharted,25
5585,Corrosion: Cold Winter Waiting [Enhanced Edition],349140,Corrosion: Cold Winter Waiting,6
5599,TableTop Cricket,349530,,2
5600,PeriAreion,349540,,11
5616,Time Mysteries: Inheritance - Remastered,350010,Time Mysteries: Inheritance,2
5621,No Pineapple Left Behind,350090,No Pineapple Left Behind,3
5622,TransOcean 2: Rivals,350110,TransOcean 2: Rivals,13
5625,Mighty Switch Force! Academy,350210,Mighty Switch Force! Academy,2
5628,BLADESTORM: Nightmare,350310,BLADESTORM: Nightmare,4
5629,Call of the Ninja!,350330,Call of the Ninja!,5
5634,Airport Firefighters - The Simulation,350530,Airport Firefighters - The Simulation,7
5637,Combat Cats,350610,Combat Cats,4
5638,Sandmason,350620,Sandmason,4
5644,The Bug Butcher,350740,The Bug Butcher,30
5645,Giana Sisters 2D,350770,,7
5648,Pixel Puzzles 2: Anime,350810,Pixel Puzzles 2: Anime,2
5651,Planet of the Eyes,350970,Planet of the Eyes,10
5653,Pixel Puzzles Ultimate,351030,Pixel Puzzles Ultimate,228
5654,Cricket Captain 2015,351050,Cricket Captain 2015,6
5657,Regency Solitaire,351090,Regency Solitaire,6
5658,Niffelheim,351100,Niffelheim Alpha,29
5659,Rustbucket Rumble,351140,Rustbucket Rumble,36
5660,DRAGON: A Game About a Dragon,351150,DRAGON: A Game About a Dragon,11
5662,Tower of Eglathia,351220,Tower of Eglathia,4
5663,Counter Spell,351230,Counter Spell,23
5664,Venusian Vengeance,351240,Venusian Vengeance,2
5666,Survival: Postapocalypse Now,351290,Survival: Postapocalypse Now,14
5669,Belladonna,351340,Belladonna,7
5673,Scribble Space,351450,Scribble Space,4
5675,Age of Fear: The Undead King,351480,Age of Fear,15
5676,Intergalactic Bubbles,351490,Intergalactic Bubbles,3
5677,Quiplash,351510,Quiplash,4
5685,Dev Guy,351800,Dev Guy,12
5692,Crazy Machines 3,351920,CM3,67
5693,The Descendant,351940,"AIR, The Game",16
5694,Tales of Zestiria,351970,TOZ,27
5699,Fort Meow,352070,Fort Meow,4
5707,Little Cells,352210,Fully Bugged Little Cells,17
5708,King of Dragon Pass,352220,King of Dragon Pass,11
5709,The Westport Independent,352240,The Westport Independent,6
5713,Defect,352370,Defect,21
5715,Farlight Explorers,352430,Farlight Explorers,10
5716,Catacombs of the Undercity,352440,Catacombs of the Undercity,3
5719,The Silent Age,352520,The Silent Age,8
5721,Urban Empire,352550,Urban Empire,17
5722,Hidden: On the trail of the Ancients,352580,Hidden - On the trial of the Ancients,19
5724,Porcunipine,352620,Porcunipine,7
5726,Subspace Continuum,352700,Subspace Continuum,2
5727,The Universim,352720,The Universim,9
5728,Princess Battles,352740,Princess Battles,4
5730,Kaiju Panic,352760,Kaiju Panic,7
5732,Futuridium EP Deluxe,352790,Futuridium EP Deluxe,4
5733,DGU: Death God University,352850,D.G.U.,12
5735,Giana Sisters: Dream Runners,352900,Giana Sisters: Dream Runners,6
5739,Chicken Invaders 5,353090,Chicken Invaders 5,2
5741,Time of Dragons,353130,,24
